bleu,p,bp,lr,rl,pl
0.0,,0.0940775004400739,0.2972972972972973,111,33
0.0,,0.6065306597126334,0.6666666666666666,108,72
0.0,,0.0008530719483006112,0.12396694214876033,121,15
0.0,,0.06299462445432306,0.265625,128,34
0.0,,0.7367139751383992,0.7659574468085106,94,72
0.0,,0.20904256419766076,0.3898305084745763,118,46
0.0,,0.44003741465063445,0.5491803278688525,122,67
0.0,,0.47424474730023974,0.5727272727272728,110,63
0.0,,0.014110027484896091,0.19008264462809918,121,23
0.0,,0.02867515708310303,0.2196969696969697,132,29
0.0,,0.3364567341350339,0.47863247863247865,117,56
0.0,,0.3867410234545011,0.5128205128205128,117,60
0.0,,0.3197068243005924,0.4672131147540984,122,57
0.0,,0.48859751007254276,0.5826771653543307,127,74
0.0,,0.45219092239655023,0.5575221238938053,113,63
0.0,,0.5427474811642219,0.6206896551724138,116,72
0.0,,0.3212315037393239,0.46825396825396826,126,59
0.0,,0.458029394036559,0.5615384615384615,130,73
0.0,,0.22551655634685722,0.4017094017094017,117,47
0.0,,0.44806502975036067,0.5546875,128,71
0.0,,0.008549309479686053,0.17355371900826447,121,21
0.0,,0.47075162593123643,0.5703125,128,73
0.0,,0.2838642184327269,0.4426229508196721,122,54
0.0,,0.34964131732108616,0.48760330578512395,121,59
0.0,,0.5504523273584865,0.6261682242990654,107,67
0.0,,0.34294834576419575,0.4830508474576271,118,57
0.0,,0.3379877040497516,0.4796747967479675,123,59
0.0,,0.03567399334725241,0.23076923076923078,130,30
0.0,,0.022763231559268307,0.20909090909090908,110,23
0.0,,0.355818918537342,0.4918032786885246,122,60
0.0,,0.5157350253483841,0.6016260162601627,123,74
0.0,,0.5110780929323983,0.5983606557377049,122,73
0.0,,0.47055324766787215,0.5701754385964912,114,65
0.0,,0.03803567403569788,0.23423423423423423,111,26
0.0,,0.16614875210349944,0.3577981651376147,109,39
0.0,,0.46434694137789806,0.5658914728682171,129,73
0.0,,0.15784308913485173,0.35135135135135137,111,39
0.0,,0.2688167145404937,0.4322033898305085,118,51
0.0,,0.40776721310207975,0.5271317829457365,129,68
0.0,,0.5257880244257798,0.6086956521739131,115,70
0.0,,0.049787068367863944,0.25,116,29
0.0,,0.1464527202065202,0.34234234234234234,111,38
0.0,,0.3239154586687393,0.4700854700854701,117,55
0.0,,0.21013607120076472,0.390625,128,50
0.0,,0.5635329847264878,0.6355140186915887,107,68
0.0,,0.08705836957907157,0.2905982905982906,117,34
0.0,,0.02867515708310303,0.2196969696969697,132,29
0.0,,0.38582130682912413,0.5121951219512195,123,63
0.0,,0.11556816651413947,0.31666666666666665,120,38
0.0,,0.08677432947392927,0.2903225806451613,124,36
0.0,,0.4690045274631699,0.5691056910569106,123,70
0.0,,0.14615655707154251,0.34210526315789475,114,39
0.0,,0.1728112093909412,0.3629032258064516,124,45
0.0,,0.1114204445605614,0.3130434782608696,115,36
0.0,,0.5209121273117441,0.6052631578947368,114,69
0.0,,0.042425741080511385,0.2403846153846154,104,25
0.0,,0.20597509820488344,0.3875968992248062,129,50
0.0,,0.36787944117144233,0.5,118,59
0.0,,0.4134026037672294,0.5309734513274337,113,60
0.0,,0.18887560283756186,0.375,128,48
0.0,,0.2688167145404937,0.4322033898305085,118,51
0.0,,0.29523016692401427,0.45045045045045046,111,50
0.0,,0.1858292887237095,0.37272727272727274,110,41
0.0,,0.4688015391402353,0.5689655172413793,116,66
0.0,,0.3993037845944021,0.5213675213675214,117,61
0.0,,0.0301973834223185,0.2222222222222222,126,28
0.0,,0.5278786301239432,0.6101694915254238,118,72
0.0,,0.12889199313951064,0.328,125,41
0.0,,0.09431537009970302,0.2975206611570248,121,36
0.0,,0.21107208779109024,0.391304347826087,115,45
0.0,,0.15867311223579475,0.352,125,44
0.0,,0.3420743141365465,0.4824561403508772,114,55
0.0,,0.5205976618052621,0.6050420168067226,119,72
0.0,,0.4324730381384608,0.544,125,68
0.0,,0.24171401689703645,0.4132231404958678,121,50
0.0,,0.3311237329510112,0.475,120,57
0.0,,0.4261596760771025,0.5396825396825397,126,68
0.0,,0.20454720031622725,0.3865546218487395,119,46
0.0,,0.45219092239655023,0.5575221238938053,113,63
0.0,,0.09301448921066349,0.2962962962962963,135,40
0.0,,0.06487492343775074,0.2677165354330709,127,34
0.0,,0.4507353134063624,0.5565217391304348,115,64
0.0,,0.0820849986238988,0.2857142857142857,133,38
0.0,,0.012166233516356411,0.18487394957983194,119,22
0.0,,0.11864980407720682,0.31932773109243695,119,38
0.0,,0.31326234213390214,0.4628099173553719,121,56
0.0,,0.36787944117144233,0.5,118,59
0.0,,0.009262158280646596,0.176,125,22
0.0,,0.563643492223874,0.635593220338983,118,75
0.0,,0.33172522912172986,0.47540983606557374,122,58
0.0,,0.06720551273974978,0.2702702702702703,111,30
0.0,,0.06123089183469574,0.2636363636363636,110,29
0.0,,0.29523016692401427,0.45045045045045046,111,50
0.0,,0.004991593906910213,0.15873015873015872,126,20
0.0,,0.14587575685622742,0.3418803418803419,117,40
0.0,,0.513417119032592,0.6,120,72
0.0,,0.2522439786581231,0.42063492063492064,126,53
0.0,,0.45063325627707884,0.5564516129032258,124,69
0.0,,0.18229524890882473,0.3700787401574803,127,47
0.0,,0.06041900248130818,0.2627118644067797,118,31
0.0002,,0.0009118819655545162,0.125,120,15
0.0,,0.4623520933081964,0.5645161290322581,124,70
0.0,,0.03389067471417901,0.22807017543859648,114,26
0.0,,0.37974550730013185,0.5080645161290323,124,63
0.0,,0.5109780874356168,0.5982905982905983,117,70
0.0,,0.01831563888873418,0.2,120,24
0.0,,0.5362319838807273,0.6160714285714286,112,69
0.0,,0.48954165955695317,0.5833333333333334,120,70
0.0,,0.15560024132937275,0.34959349593495936,123,43
0.0,,0.46434694137789806,0.5658914728682171,129,73
0.0,,0.37349581292442086,0.5038167938931297,131,66
0.0,,0.31890655732397044,0.4666666666666667,120,56
0.0,,0.014737038852724952,0.19166666666666668,120,23
0.0,,0.1224564282529819,0.3225806451612903,124,40
0.0,,0.1946867083315101,0.3793103448275862,116,44
0.0,,0.4793644486953708,0.576271186440678,118,68
0.0,,0.20711769237138883,0.3884297520661157,121,47
0.0,,0.005310362184262866,0.16030534351145037,131,21
0.0,,0.0038874572434761303,0.15267175572519084,131,20
0.0,,0.32048140132810143,0.46774193548387094,124,58
0.0,,0.5669027155052999,0.6379310344827587,116,74
0.0,,0.2570484819810266,0.424,125,53
0.0,,0.22532846915480634,0.4015748031496063,127,51
0.0,,0.3298586963533774,0.47413793103448276,116,55
0.0,,0.14615655707154251,0.34210526315789475,114,39
0.0,,0.5616237838971456,0.6341463414634146,123,78
0.0,,0.5183301641981067,0.603448275862069,116,70
0.0,,0.16986907720473504,0.36065573770491804,122,44
0.0,,0.31140322391459774,0.46153846153846156,117,54
0.0,,0.47752897762233404,0.575,120,69
0.0,,0.21052738593173653,0.39090909090909093,110,43
0.0,,0.25780403019866305,0.42452830188679247,106,45
0.0,,0.4335184619612917,0.5447154471544715,123,67
0.0,,0.45063325627707884,0.5564516129032258,124,69
0.0,,0.4225115642563837,0.5371900826446281,121,65
0.0,,0.05452527577743519,0.2558139534883721,129,33
0.0,,0.03972373338644103,0.2366412213740458,131,31
0.0,,0.39239595057971305,0.5166666666666667,120,62
0.0,,0.33846542510674216,0.48,125,60
0.0,,3.0432483008403625e-05,0.08771929824561403,114,10
0.0,,0.24038056719263393,0.41228070175438597,114,47
0.0,,0.49449148270976223,0.5867768595041323,121,71
0.0,,0.4466543948702779,0.5537190082644629,121,67
0.0,,0.21438110142697794,0.3937007874015748,127,50
0.0,,0.12479522548865522,0.32456140350877194,114,37
0.0,,0.5488116360940264,0.625,112,70
0.0,,0.14535570123384667,0.34146341463414637,123,42
0.0,,0.2592402606458915,0.425531914893617,94,40
0.0,,0.31326234213390214,0.4628099173553719,121,56
0.0237,,0.4131031451756437,0.5307692307692308,130,69
0.0,,0.21438110142697794,0.3937007874015748,127,50
0.0,,0.0058409773431952515,0.16279069767441862,129,21
0.0,,0.3043261860398207,0.4566929133858268,127,58
0.0,,0.5613196280508597,0.6339285714285714,112,71
0.0,,0.07085931663054638,0.27419354838709675,124,34
0.0,,0.5305702980434435,0.6120689655172413,116,71
0.0,,0.4706581764772641,0.5702479338842975,121,69
0.0,,0.00822974704902003,0.1724137931034483,116,20
0.0,,0.4466543948702779,0.5537190082644629,121,67
0.0,,0.07983623716569327,0.28346456692913385,127,36
0.0,,0.15384727771283108,0.3482142857142857,112,39
0.0,,0.1224564282529819,0.3225806451612903,124,40
0.0,,0.4723665527410147,0.5714285714285714,126,72
0.0,,0.10402147666803763,0.3064516129032258,124,38
0.0,,0.0643861234893726,0.26717557251908397,131,35
0.0,,0.06392786120670757,0.26666666666666666,120,32
0.0,,0.14676554184678486,0.3425925925925926,108,37
0.0,,0.5108691484982968,0.5982142857142857,112,67
0.0,,0.4688015391402353,0.5689655172413793,116,66
0.0,,0.4040365236633421,0.5245901639344263,122,64
0.0,,0.5728434234331229,0.6422018348623854,109,70
0.0,,0.4633693692311752,0.5652173913043478,115,65
0.0,,0.558035145770047,0.631578947368421,114,72
0.0,,0.4357139927691877,0.5462184873949579,119,65
0.0,,0.013682102779250752,0.1889763779527559,127,24
0.0,,0.4519798647936632,0.5573770491803278,122,68
0.0,,0.0859022330378763,0.2894736842105263,114,33
0.0,,0.578136542517284,0.6460176991150443,113,73
0.0,,0.40599742949066603,0.5259259259259259,135,71
0.0,,0.48954165955695317,0.5833333333333334,120,70
0.0,,0.43887992979155477,0.5483870967741935,124,68
0.0,,0.1160370022477601,0.3170731707317073,123,39
0.0,,0.500986326548421,0.591304347826087,115,68
0.029,,0.3141468469837144,0.4634146341463415,123,57
0.0,,0.1224564282529819,0.3225806451612903,124,40
0.0,,0.39122926377769335,0.5158730158730159,126,65
0.0,,0.2545084979884898,0.4222222222222222,135,57
0.0,,0.17669444575659674,0.36585365853658536,123,45
0.0,,0.30008074104991583,0.453781512605042,119,54
0.0,,0.25780403019866305,0.42452830188679247,106,45
0.0,,0.4366726590336307,0.546875,128,70
0.0,,0.4034541987241073,0.5241935483870968,124,65
0.0,,0.49278007111292604,0.5855855855855856,111,65
0.0,,0.24038056719263393,0.41228070175438597,114,47
0.0,,0.0017761035457343776,0.13636363636363635,110,15
0.0,,0.11905078309492005,0.319672131147541,122,39
0.0,,0.25876063032835434,0.4251968503937008,127,54
0.0,,0.4587633499993392,0.5620437956204379,137,77
0.0,,0.19848906339973454,0.3821138211382114,123,47
0.0,,0.1795338868219742,0.368,125,46
0.0,,0.01685120125994751,0.19672131147540983,122,24
0.0,,0.014592133055970142,0.19130434782608696,115,22
0.0,,0.034834644453412465,0.22950819672131148,122,28
0.0,,0.06595714935553817,0.2689075630252101,119,32
0.0,,0.48382723074583833,0.5793650793650794,126,73
0.0,,0.47784850185104716,0.5752212389380531,113,65
0.0,,0.301194211912202,0.45454545454545453,121,55
0.0,,0.010847620586711397,0.1810344827586207,116,21
0.0,,0.40463821606698874,0.525,120,63
0.0227,,0.497266023772333,0.5887096774193549,124,73
0.0,,0.24477706843938987,0.4153846153846154,130,54
0.0,,0.3740621446020826,0.5042016806722689,119,60
0.0,,0.4906024211348987,0.584070796460177,113,66
0.0,,0.10539922456186433,0.3076923076923077,117,36
0.0,,0.11360815367076377,0.31496062992125984,127,40
0.0,,0.10053018007628416,0.30327868852459017,122,37
0.0,,0.22551655634685722,0.4017094017094017,117,47
0.0,,0.6361117952584976,0.6885245901639344,122,84
0.0,,0.32048140132810143,0.46774193548387094,124,58
0.0,,0.5231498562443735,0.6068376068376068,117,71
0.0,,0.337494219389272,0.4793388429752066,121,58
0.0,,0.36787944117144233,0.5,124,62
0.0,,0.21811621264017203,0.3963963963963964,111,44
0.0,,0.1353352832366127,0.3333333333333333,126,42
0.0,,0.09071795328941251,0.29411764705882354,119,35
0.0,,0.4519798647936632,0.5573770491803278,122,68
0.0,,0.03567399334725241,0.23076923076923078,117,27
0.0,,0.10806741863482926,0.31007751937984496,129,40
0.0,,0.47424474730023974,0.5727272727272728,110,63
0.0,,0.3562017252982195,0.49206349206349204,126,62
0.0,,0.20711769237138883,0.3884297520661157,121,47
0.0,,0.14885808080333315,0.3442622950819672,122,42
0.0,,0.1916328622948716,0.3770491803278688,122,46
0.0,,0.24171401689703645,0.4132231404958678,121,50
0.0,,0.029137936742521013,0.2204724409448819,127,28
0.0,,0.5158331951444801,0.6016949152542372,118,71
0.0,,0.481262084242029,0.5775862068965517,116,67
0.0,,0.04820666138260464,0.248,125,31
0.0,,0.36787944117144233,0.5,122,61
0.0,,0.5776538369074337,0.6456692913385826,127,82
0.0,,0.03243324089479551,0.22580645161290322,124,28
0.0275,,0.42437284567694994,0.5384615384615384,130,70
0.0,,0.001959052937543315,0.13821138211382114,123,17
0.0,,0.4090412002359705,0.528,125,66
0.0,,0.6104819855859285,0.6695652173913044,115,77
0.0,,0.15560024132937275,0.34959349593495936,123,43
0.0,,0.5243637687982744,0.6076923076923076,130,79
0.0,,0.22313016014842982,0.4,120,48
0.0,,0.1353352832366127,0.3333333333333333,123,41
0.0,,0.5459307417499611,0.6229508196721312,122,76
0.0,,0.36787944117144233,0.5,126,63
0.0,,0.13199384318783022,0.3305785123966942,121,40
0.0,,0.01831563888873418,0.2,125,25
0.0,,0.5427474811642219,0.6206896551724138,116,72
0.0,,0.006737946999085467,0.16666666666666666,120,20
0.0,,0.17377394345044514,0.36363636363636365,121,44
0.0,,0.03261193598611639,0.22608695652173913,115,26
0.0,,0.5440600500081386,0.6216216216216216,111,69
0.0,,0.1694834494994701,0.36036036036036034,111,40
0.0,,0.0243728440732796,0.21212121212121213,132,28
0.0,,0.4377589088697929,0.5476190476190477,126,69
0.0,,0.11556816651413947,0.31666666666666665,120,38
0.0,,0.06444549289364138,0.2672413793103448,116,31
0.0,,0.29206782369141415,0.4482758620689655,116,52
0.0,,0.03261193598611639,0.22608695652173913,115,26
0.0,,0.15549975683733525,0.34951456310679613,103,36
0.0,,0.1666821344779465,0.3582089552238806,134,48
0.0,,0.08548114450551345,0.2890625,128,37
0.0,,0.4658512560249792,0.5669291338582677,127,72
0.0,,0.23480976769331768,0.4083333333333333,120,49
0.0,,0.5362319838807273,0.6160714285714286,112,69
0.0,,0.019033808971804532,0.20155038759689922,129,26
0.0,,0.5063356166481006,0.5950413223140496,121,72
0.0,,0.0820849986238988,0.2857142857142857,119,34
0.0,,0.3793747526239096,0.5078125,128,65
0.0,,0.2735430415717504,0.43548387096774194,124,54
0.0,,0.05620284622522774,0.2578125,128,33
0.0,,0.0237365140146478,0.2109375,128,27
0.0,,0.021493601345089923,0.2066115702479339,121,25
0.0,,0.5263488649320197,0.6090909090909091,110,67
0.0,,0.5754335174031933,0.6440677966101694,118,76
0.0,,0.07297436536971943,0.2764227642276423,123,34
0.0,,0.14920426223075603,0.3445378151260504,119,41
0.0,,0.046469201589239596,0.2457627118644068,118,29
0.0,,0.01909491264002728,0.20168067226890757,119,24
0.0,,0.0010419444305634355,0.1271186440677966,118,15
0.0,,0.2682624534699609,0.4318181818181818,132,57
0.0,,0.5063356166481006,0.5950413223140496,121,72
0.0,,0.30568956507807943,0.4576271186440678,118,54
0.0,,0.19916206999451525,0.3826086956521739,115,44
0.0,,0.5187931656538893,0.6037735849056604,106,64
0.0,,0.04489412783991953,0.24369747899159663,119,29
0.0,,0.12531520484413727,0.325,120,39
0.0,,0.08705836957907157,0.2905982905982906,117,34
0.0,,0.19691167520419406,0.38095238095238093,126,48
0.0,,0.42806302118317596,0.5409836065573771,122,66
0.0,,0.15611804531597107,0.35,120,42
0.0,,0.019033808971804532,0.20155038759689922,129,26
0.0,,0.2865047968601901,0.4444444444444444,117,52
0.0,,0.05641613950377735,0.25806451612903225,124,32
0.0,,0.6143567538871342,0.6724137931034483,116,78
0.0,,0.06155163961984458,0.264,125,33
0.0,,0.010143632696246224,0.17886178861788618,123,22
0.0,,0.3437651321502582,0.48360655737704916,122,59
0.0,,0.1777685728281378,0.36666666666666664,120,44
0.0,,0.2584789094739671,0.425,120,51
0.0,,0.07711171996831671,0.2807017543859649,114,32
0.0,,0.38525641482640705,0.5118110236220472,127,65
0.0,,0.046676421766522445,0.24603174603174602,126,31
0.0,,0.1353352832366127,0.3333333333333333,120,40
0.0,,0.2669337664778906,0.43089430894308944,123,53
0.0,,0.07552184450877376,0.27906976744186046,129,36
0.0,,0.19584440587172955,0.38016528925619836,121,46
0.0,,0.06655827366327882,0.26956521739130435,115,31
0.0,,0.3562017252982195,0.49206349206349204,126,62
0.0,,0.4493289641172217,0.5555555555555556,117,65
0.0,,0.4706581764772641,0.5702479338842975,121,69
0.0,,0.14920426223075603,0.3445378151260504,119,41
0.0,,0.06392786120670757,0.26666666666666666,120,32
0.0,,0.6145640617150603,0.672566371681416,113,76
0.0,,0.23836259312120292,0.4108527131782946,129,53
0.0,,0.4034541987241073,0.5241935483870968,124,65
0.0,,0.4395878004927231,0.5488721804511278,133,73
0.0,,0.1795338868219742,0.368,125,46
0.0,,0.4199384782364074,0.5354330708661418,127,68
0.0,,0.513417119032592,0.6,115,69
0.0,,0.2688167145404937,0.4322033898305085,118,51
0.0,,0.33219244767711364,0.47572815533980584,103,49
0.0,,0.21107208779109024,0.391304347826087,115,45
0.0,,0.1464527202065202,0.34234234234234234,111,38
0.0,,0.4234266412852628,0.5378151260504201,119,64
0.0,,0.39368531180020383,0.5175438596491229,114,59
0.0,,0.4864660153002078,0.5811965811965812,117,68
0.0,,0.41768994794620573,0.5338983050847458,118,63
0.0,,0.014871132916733311,0.192,125,24
0.0,,0.0832660575103189,0.28688524590163933,122,35
0.0,,0.36787944117144233,0.5,112,56
0.0,,0.30672055757655664,0.4583333333333333,120,55
0.0,,0.3987762330995236,0.5210084033613446,119,62
0.0,,0.03952708164357859,0.23636363636363636,110,26
0.0,,0.5387944944696997,0.6178861788617886,123,76
0.0,,0.10964292652341259,0.3114754098360656,122,38
0.0,,0.40289032152913307,0.5238095238095238,126,66
0.0,,0.15288813321254235,0.3474576271186441,118,41
0.0,,0.011931522535756143,0.18421052631578946,114,21
0.0,,0.03877420783172201,0.23529411764705882,119,28
0.0,,0.10328426164519872,0.30578512396694213,121,37
0.0,,0.006737946999085467,0.16666666666666666,120,20
0.0,,0.04102603609573347,0.23846153846153847,130,31
0.0,,0.12146755266675414,0.3217391304347826,115,37
0.0,,0.4168620196785084,0.5333333333333333,105,56
0.0,,0.4738637513397793,0.572463768115942,138,79
0.0,,0.05159731130803101,0.25225225225225223,111,28
0.0,,0.00491339822516166,0.15833333333333333,120,19
0.0,,0.2989296044863964,0.452991452991453,117,53
0.0,,0.5110780929323983,0.5983606557377049,122,73
0.0,,0.38582130682912413,0.5121951219512195,123,63
0.0,,0.4519798647936632,0.5573770491803278,122,68
0.0,,0.08854517331628878,0.2920353982300885,113,33
0.0,,0.40100030003925635,0.5225225225225225,111,58
0.0079,,0.057932030214945245,0.25984251968503935,127,33
0.0,,0.23532011256478041,0.40869565217391307,115,47
0.0,,0.4825979234827318,0.5785123966942148,121,70
0.0,,0.35497273839312193,0.49122807017543857,114,56
0.0,,0.13207435178136295,0.33064516129032256,124,41
0.0,,0.39368531180020383,0.5175438596491229,114,59
0.0,,0.10539922456186433,0.3076923076923077,130,40
0.0,,0.1951188651094901,0.37962962962962965,108,41
0.0,,0.024632127216140883,0.2125984251968504,127,27
0.0,,0.12181361383661986,0.3220338983050847,118,38
0.0,,0.2838642184327269,0.4426229508196721,122,54
0.0,,0.040482052480277655,0.23770491803278687,122,29
0.0013,,0.008850576089052096,0.1746031746031746,126,22
0.0,,0.17377394345044514,0.36363636363636365,110,40
0.0,,0.6141598762237379,0.6722689075630253,119,80
0.0,,0.1114204445605614,0.3130434782608696,115,36
0.0,,0.39281118435112283,0.5169491525423728,118,61
0.0,,0.5459307417499611,0.6229508196721312,122,76
0.0,,0.13894401308852472,0.336283185840708,113,38
0.0,,0.01831563888873418,0.2,125,25
0.0,,0.4633693692311752,0.5652173913043478,115,65
0.0,,0.28785942695182143,0.44537815126050423,119,53
0.0,,0.38034875658925854,0.5084745762711864,118,60
0.0,,0.03312697388707256,0.226890756302521,119,27
0.0,,0.29912415677662624,0.453125,128,58
0.0,,0.31807930342445107,0.4661016949152542,118,55
0.0,,0.41943258927433064,0.5350877192982456,114,61
0.0,,0.32236350530615976,0.4690265486725664,113,53
0.0,,0.16614875210349944,0.3577981651376147,109,39
0.0,,0.2928571957080218,0.44881889763779526,127,57
0.0,,0.4519798647936632,0.5573770491803278,122,68
0.0,,0.001033297638647637,0.12698412698412698,126,16
0.0,,0.0416451056544737,0.23931623931623933,117,28
0.0,,0.028115659748972045,0.21875,128,28
0.0,,0.44003741465063445,0.5491803278688525,122,67
0.0,,0.4052602577832694,0.5254237288135594,118,62
0.0,,0.2704434370620157,0.43333333333333335,120,52
0.0,,0.19584440587172955,0.38016528925619836,121,46
0.0,,0.1988141887380742,0.38235294117647056,136,52
0.0,,0.21612142129391837,0.3949579831932773,119,47
0.0,,0.19745941247377172,0.3813559322033898,118,45
0.0159,,0.11864980407720682,0.31932773109243695,119,38
0.0,,0.22763768838381274,0.4032258064516129,124,50
0.0,,0.10768215195400163,0.30973451327433627,113,35
0.0,,0.4134026037672294,0.5309734513274337,113,60
0.0,,0.07711171996831671,0.2807017543859649,114,32
0.0,,0.19916206999451525,0.3826086956521739,115,44
0.0,,0.29513010586178823,0.45038167938931295,131,59
0.0197,,0.3615910581597647,0.49572649572649574,117,58
0.0,,0.3616967401868248,0.4957983193277311,119,59
0.0,,0.061961007690531984,0.2644628099173554,121,32
0.0,,0.09784953627191781,0.3008130081300813,123,37
0.0,,0.35497273839312193,0.49122807017543857,114,56
0.0,,0.4739437350937188,0.5725190839694656,131,75
0.0,,0.24097142449614925,0.4126984126984127,126,52
0.0,,0.4941490766188598,0.5865384615384616,104,61
0.0,,0.2669337664778906,0.43089430894308944,123,53
0.0,,0.0007465858083766786,0.12195121951219512,123,15
0.0,,0.11864980407720682,0.31932773109243695,119,38
0.0,,0.027782933954124237,0.21818181818181817,110,24
0.0,,0.21833184901672514,0.39655172413793105,116,46
0.0,,0.5473101004079042,0.6239316239316239,117,73
0.0,,0.33287108369807955,0.47619047619047616,126,60
0.0,,0.5517862176452085,0.6271186440677966,118,74
0.0,,0.0820849986238988,0.2857142857142857,119,34
0.0,,0.5227517209087683,0.6065573770491803,122,74
0.0,,0.07332136597929477,0.2767857142857143,112,31
0.0,,0.026764212049045305,0.21641791044776118,134,29
0.0,,0.30008074104991583,0.453781512605042,119,54
0.0,,0.29166690704378345,0.448,125,56
0.0,,0.1826835240527346,0.37037037037037035,108,40
0.0,,0.4557940183280172,0.56,125,70
0.0,,0.37993999923303906,0.5081967213114754,122,62
0.0,,0.09868824146980928,0.30158730158730157,126,38
0.0,,0.4377589088697929,0.5476190476190477,126,69
0.0,,0.19182672455684432,0.37719298245614036,114,43
0.0,,0.500986326548421,0.591304347826087,115,68
0.0,,0.22979027467301683,0.40476190476190477,126,51
0.0,,0.3425188550930457,0.4827586206896552,116,56
0.0,,0.4845000806653303,0.5798319327731093,119,69
0.0,,0.2786558481415308,0.43902439024390244,123,54
0.0,,0.2669337664778906,0.43089430894308944,123,53
0.0,,0.1572371663136276,0.3508771929824561,114,40
0.0,,0.05437968100217071,0.2556390977443609,133,34
0.0,,0.15335496684492847,0.34782608695652173,115,40
0.0,,0.6027981751605626,0.6639344262295082,122,81
0.0,,0.021493601345089923,0.2066115702479339,121,25
0.0,,0.22055064962093437,0.39814814814814814,108,43
0.0,,0.20528965757990925,0.3870967741935484,124,48
0.0,,0.4825979234827318,0.5785123966942148,121,70
0.0,,0.37974550730013185,0.5080645161290323,124,63
0.0,,0.3959487132003933,0.5190839694656488,131,68
0.0,,0.5060299507252112,0.5948275862068966,116,69
0.0347,,0.3793747526239096,0.5078125,128,65
0.0,,0.06041900248130818,0.2627118644067797,118,31
0.0,,0.4723665527410147,0.5714285714285714,119,68
0.0,,0.645648526427892,0.6956521739130435,115,80
0.0,,0.17645420861381114,0.3656716417910448,134,49
0.0,,0.4924642876754097,0.5853658536585366,123,72
0.0,,0.03361250384964021,0.22764227642276422,123,28
0.0,,0.1728112093909412,0.3629032258064516,124,45
0.0,,0.10679522050714878,0.3089430894308943,123,38
0.0,,0.513417119032592,0.6,125,75
0.0,,0.33892812554752333,0.48031496062992124,127,61
0.0,,0.32536520574936284,0.47107438016528924,121,57
0.0,,0.001033297638647637,0.12698412698412698,126,16
0.0,,0.4366726590336307,0.546875,128,70
0.0,,0.12578631408297355,0.3253968253968254,126,41
0.0,,0.011376670404370485,0.1826086956521739,115,21
0.0,,0.2566607769535558,0.423728813559322,118,50
0.0,,0.016724022988470442,0.19642857142857142,112,22
0.0,,0.453089017280169,0.5581395348837209,129,72
0.0,,0.1224564282529819,0.3225806451612903,124,40
0.0,,0.5613196280508597,0.6339285714285714,112,71
0.0,,0.3231529205277276,0.46956521739130436,115,54
0.0,,0.2852054576099117,0.4435483870967742,124,55
0.0,,0.3740621446020826,0.5042016806722689,119,60
0.0,,0.041902332174932604,0.2396694214876033,121,29
0.0,,0.4623520933081964,0.5645161290322581,124,70
0.0,,0.07711171996831671,0.2807017543859649,114,32
0.0,,0.4658512560249792,0.5669291338582677,127,72
0.0,,0.2456503356861931,0.416,125,52
0.0059,,0.04809953551255484,0.24786324786324787,117,29
0.0313,,0.5443798031873055,0.6218487394957983,119,74
0.0,,0.5361310650923019,0.616,125,77
0.0,,0.4793644486953708,0.576271186440678,118,68
0.0234,,0.4493289641172217,0.5555555555555556,117,65
0.0,,0.48382723074583833,0.5793650793650794,126,73
0.0,,0.04293155618049604,0.24107142857142858,112,27
0.0,,0.1387613122429553,0.33613445378151263,119,40
0.0,,0.355818918537342,0.4918032786885246,122,60
0.0189,,0.27719920824637445,0.4380165289256198,121,53
0.0,,0.4755690256193076,0.5736434108527132,129,74
0.0,,0.18887560283756186,0.375,120,45
0.0,,0.15987974607969396,0.35294117647058826,119,42
0.0,,0.07939393227707822,0.2830188679245283,106,30
0.0,,0.010615346461976682,0.18032786885245902,122,22
0.0,,0.45783336177161427,0.5614035087719298,114,64
0.0,,0.17377394345044514,0.36363636363636365,132,48
0.0,,0.007446583070924338,0.1694915254237288,118,20
0.0,,0.5830550427077187,0.6495726495726496,117,76
0.0,,0.2980403747876627,0.4523809523809524,126,57
0.0,,0.2456503356861931,0.416,125,52
0.0,,0.32799592371917635,0.4728682170542636,129,61
0.0131,,0.10402147666803763,0.3064516129032258,124,38
0.0,,0.009134907876173914,0.17557251908396945,131,23
0.0,,0.05321934433892148,0.2542372881355932,118,30
0.0,,0.09119667489006633,0.29457364341085274,129,38
0.0,,0.1777685728281378,0.36666666666666664,120,44
0.0,,0.47752897762233404,0.575,120,69
0.0,,0.010143632696246224,0.17886178861788618,123,22
0.0,,0.4161488256358909,0.5328467153284672,137,73
0.0,,0.36787944117144233,0.5,116,58
0.0,,0.03846277009250601,0.23484848484848486,132,31
0.0,,0.13199384318783022,0.3305785123966942,121,40
0.0,,0.4759586765812294,0.5739130434782609,115,66
0.0,,0.4187964107383039,0.5346534653465347,101,54
0.0,,0.4798052435596775,0.5765765765765766,111,64
0.0,,0.16121764412977674,0.35398230088495575,113,40
0.0,,0.24171401689703645,0.4132231404958678,121,50
0.0,,0.22979027467301683,0.40476190476190477,126,51
0.0,,0.4150690675251384,0.5321100917431193,109,58
0.0,,0.22095329788824408,0.3984375,128,51
0.0,,0.10251175769346066,0.3050847457627119,118,36
0.0,,0.03380668299832732,0.22794117647058823,136,31
0.0,,0.3968319354828011,0.5196850393700787,127,66
0.0,,0.016163494588165874,0.1951219512195122,123,24
0.0,,0.11309951552281072,0.31451612903225806,124,39
0.0,,0.3844727541784986,0.5112781954887218,133,68
0.0,,0.1027969084352864,0.3053435114503817,131,40
0.0,,0.38919998320185634,0.5144927536231884,138,71
0.0,,0.43459820850707814,0.5454545454545454,132,72
0.0,,0.4335184619612917,0.5447154471544715,123,67
0.0,,0.5205976618052621,0.6050420168067226,119,72
0.0,,0.4793644486953708,0.576271186440678,118,68
0.0,,0.2891699386316002,0.4462809917355372,121,54
0.0,,0.36787944117144233,0.5,116,58
0.0,,0.513417119032592,0.6,120,72
0.0,,0.15560024132937275,0.34959349593495936,123,43
0.0,,0.4334124023992614,0.5446428571428571,112,61
0.0,,0.020468075714350494,0.20454545454545456,132,27
0.0,,0.4199384782364074,0.5354330708661418,127,68
0.0,,0.441233167759984,0.55,120,66
0.0,,0.5200417647285798,0.6046511627906976,129,78
0.0,,0.5109780874356168,0.5982905982905983,117,70
0.0,,0.5333531901568119,0.6140350877192983,114,70
0.0,,0.034070943836623936,0.2283464566929134,127,29
0.0,,0.06539740322986021,0.2682926829268293,123,33
0.0,,0.48757563144346455,0.5819672131147541,122,71
0.0,,0.049787068367863944,0.25,112,28
0.0,,0.7223097576932149,0.7545454545454545,110,83
0.0,,0.002187491118182885,0.14035087719298245,114,16
0.0,,0.01756816772229195,0.19834710743801653,121,24
0.0,,0.11905078309492005,0.319672131147541,122,39
0.0,,0.5352614285189903,0.6153846153846154,117,72
0.0,,0.17377394345044514,0.36363636363636365,121,44
0.0,,0.019033808971804532,0.20155038759689922,129,26
0.0,,0.6368510302657148,0.6890756302521008,119,82
0.0,,0.3260548516504816,0.4715447154471545,123,58
0.0,,0.48075650378194074,0.5772357723577236,123,71
0.0,,0.4493289641172217,0.5555555555555556,117,65
0.0,,0.07615382279861035,0.27972027972027974,143,40
0.0,,0.36208618482236954,0.49606299212598426,127,63
0.0,,0.4479694221480882,0.5546218487394958,119,66
0.0,,0.5252738063499883,0.6083333333333333,120,73
0.0,,0.08652097394768066,0.2900763358778626,131,38
0.0,,0.24290269701902042,0.4140625,128,53
0.0,,0.41943258927433064,0.5350877192982456,114,61
0.0,,0.000571831227656578,0.11811023622047244,127,15
0.0,,0.5015054295240181,0.5916666666666667,120,71
0.0,,0.01831563888873418,0.2,120,24
0.0,,0.4207688517558795,0.536,125,67
0.0,,0.5352614285189903,0.6153846153846154,117,72
0.0,,0.32048140132810143,0.46774193548387094,124,58
0.0,,0.019907342077733692,0.2033898305084746,118,24
0.052,,0.5156445217028589,0.6015625,128,77
0.0,,0.45369841734610433,0.5585585585585585,111,62
0.0,,0.45667477944228846,0.5606060606060606,132,74
0.0,,0.27201806690345753,0.4344262295081967,122,53
0.0,,0.43887992979155477,0.5483870967741935,124,68
0.0,,0.24252107463564873,0.41379310344827586,116,48
0.0,,0.5109780874356168,0.5982905982905983,117,70
0.0,,0.21363672335175132,0.39316239316239315,117,46
0.0,,0.460866029203311,0.5634920634920635,126,71
0.0,,0.4690045274631699,0.5691056910569106,123,70
0.0,,0.005103759888794229,0.1592920353982301,113,18
0.0,,0.5084082114541101,0.5964912280701754,114,68
0.0,,0.15666295940705208,0.3504273504273504,117,41
0.0,,0.558035145770047,0.631578947368421,114,72
0.0,,0.502423601053801,0.5923076923076923,130,77
0.0,,0.4548085181321938,0.559322033898305,118,66
0.0,,0.02055573329249726,0.2047244094488189,127,26
0.0,,0.34453011682997364,0.48412698412698413,126,61
0.0,,0.08921851740926008,0.2926829268292683,123,36
0.0,,0.7102734351492538,0.7450980392156863,102,76
0.0,,0.125061786922813,0.3247863247863248,117,38
0.0,,0.4723665527410147,0.5714285714285714,112,64
0.0,,0.10131977401998796,0.304,125,38
0.0,,0.21871188695221475,0.3968253968253968,126,50
0.0,,5.963471259940621e-05,0.09322033898305085,118,11
0.0,,0.571209063848815,0.6410256410256411,117,75
0.0,,0.03567399334725241,0.23076923076923078,130,30
0.0,,0.5333531901568119,0.6140350877192983,114,70
0.0,,0.03312697388707256,0.226890756302521,119,27
0.0,,0.04293155618049604,0.24107142857142858,112,27
0.0,,0.40160723241937657,0.5229357798165137,109,57
0.0,,0.3982660934312606,0.5206611570247934,121,63
0.0,,0.49278007111292604,0.5855855855855856,111,65
0.0,,0.3861177503849101,0.512396694214876,121,62
0.0,,0.5517862176452085,0.6271186440677966,118,74
0.0,,0.4479694221480882,0.5546218487394958,119,66
0.0128,,0.16605195702782047,0.35772357723577236,123,44
0.0,,0.07085931663054638,0.27419354838709675,124,34
0.0,,0.007083408929052125,0.16806722689075632,119,20
0.0,,0.12181361383661986,0.3220338983050847,118,38
0.0,,0.21852970296695812,0.39669421487603307,121,48
0.0,,0.00042253817119228016,0.11403508771929824,114,13
0.0,,0.15162216090217434,0.3464566929133858,127,44
0.0,,0.23752081909545814,0.41025641025641024,117,48
0.0,,0.3425188550930457,0.4827586206896552,116,56
0.0,,0.3433635374154086,0.48333333333333334,120,58
0.0,,0.15811313712572672,0.3515625,128,45
0.0,,0.01762456628620392,0.1984732824427481,131,26
0.0,,0.10539922456186433,0.3076923076923077,117,36
0.0,,0.558035145770047,0.631578947368421,114,72
0.0,,0.05310501711260533,0.2540983606557377,122,31
0.0,,0.27719920824637445,0.4380165289256198,121,53
0.0,,0.36148170051409606,0.4956521739130435,115,57
0.0,,0.6227038648477501,0.6785714285714286,112,76
0.0,,0.10348871739172022,0.30597014925373134,134,41
0.0,,0.5457284327873888,0.6228070175438597,114,71
0.0,,0.20189651799465547,0.38461538461538464,117,45
0.0,,0.5783251370491358,0.6461538461538462,130,84
0.0,,0.44374731008107987,0.5517241379310345,116,64
0.0,,0.2035513982588113,0.3858267716535433,127,49
0.0,,0.10402147666803763,0.3064516129032258,124,38
0.0,,0.3743904132467565,0.504424778761062,113,57
0.0,,0.012513435386733803,0.18584070796460178,113,21
0.0,,0.39199431709321886,0.5163934426229508,122,63
0.0,,0.4160611322792171,0.5327868852459017,122,65
0.0,,0.49449148270976223,0.5867768595041323,121,71
0.0,,0.30008074104991583,0.453781512605042,119,54
0.0,,0.48075650378194074,0.5772357723577236,123,71
0.0,,0.6333132437099518,0.6864406779661016,118,81
0.0,,0.3425188550930457,0.4827586206896552,116,56
0.0,,0.5561781253709418,0.6302521008403361,119,75
0.0,,0.15288813321254235,0.3474576271186441,118,41
0.0,,0.019780139048165345,0.203125,128,26
0.0,,0.06539740322986021,0.2682926829268293,123,33
0.0,,0.39016854342397683,0.5151515151515151,132,68
0.0,,0.2810477292104116,0.4406779661016949,118,52
0.0,,0.22086489889046837,0.3983739837398374,123,49
0.0,,0.2561303036111666,0.4233576642335766,137,58
0.0,,0.18603542213433577,0.3728813559322034,118,44
0.0,,0.34592321118778524,0.48507462686567165,134,65
0.0,,0.07572513333507029,0.27927927927927926,111,31
0.0,,0.27784225500314363,0.43846153846153846,130,57
0.0,,0.44414943720362393,0.552,125,69
0.0,,0.3545035081397575,0.4909090909090909,110,54
0.0,,0.3163381963041769,0.4649122807017544,114,53
0.0,,0.3267225079807042,0.472,125,59
0.0,,0.33534595028547026,0.4778761061946903,113,54
0.0,,0.40160723241937657,0.5229357798165137,109,57
0.0,,0.034070943836623936,0.2283464566929134,127,29
0.0,,0.30961868311660373,0.4603174603174603,126,58
0.0,,0.5836454781435741,0.65,120,78
0.0,,0.4723665527410147,0.5714285714285714,119,68
0.0,,0.18621542736667934,0.373015873015873,126,47
0.0,,0.043760125276477775,0.2421875,128,31
0.0,,0.07014835958183076,0.2734375,128,35
0.0,,0.42525237457628545,0.5390625,128,69
0.0039,,0.029599435167892013,0.22123893805309736,113,25
0.0,,0.10251175769346066,0.3050847457627119,118,36
0.0,,0.441233167759984,0.55,120,66
0.0,,0.3273692086197276,0.47244094488188976,127,60
0.0,,0.5183301641981067,0.603448275862069,116,70
0.0,,0.4023440296514932,0.5234375,128,67
0.0,,0.01690746565270528,0.1968503937007874,127,25
0.0,,0.15335496684492847,0.34782608695652173,115,40
0.0,,0.07970589231766517,0.2833333333333333,120,34
0.0,,0.37386108997397494,0.5040650406504065,123,62
0.0,,0.34453011682997364,0.48412698412698413,126,61
0.0279,,0.20568789151446917,0.38738738738738737,111,43
0.0,,0.5473101004079042,0.6239316239316239,117,73
0.0,,0.12479522548865522,0.32456140350877194,114,37
0.0,,0.5079260794737072,0.5961538461538461,104,62
0.0,,0.6585455953358114,0.7053571428571429,112,79
0.0,,0.2891699386316002,0.4462809917355372,121,54
0.0,,0.0023447990925907977,0.14173228346456693,127,18
0.0,,0.5088125121973882,0.5967741935483871,124,74
0.0,,0.17271757015758357,0.36283185840707965,113,41
0.0,,0.11309951552281072,0.31451612903225806,124,39
0.0,,0.10902084067061053,0.31092436974789917,119,37
0.0,,0.000312336766821729,0.11023622047244094,127,14
0.0,,0.004827949993831437,0.15789473684210525,114,18
0.0,,0.4517977983853327,0.5572519083969466,131,73
0.0259,,0.38812471079490507,0.5137614678899083,109,56
0.0,,0.06299462445432306,0.265625,128,34
0.0,,0.4040365236633421,0.5245901639344263,122,64
0.0,,0.14852874890063716,0.344,125,43
0.0,,0.08333818055259402,0.28695652173913044,115,33
0.0,,0.537072802185861,0.6166666666666667,120,74
0.0,,0.041902332174932604,0.2396694214876033,121,29
0.0,,0.049787068367863944,0.25,136,34
0.0,,0.4377589088697929,0.5476190476190477,126,69
0.0,,0.45721172797475435,0.5609756097560976,123,69
0.0,,0.009262158280646596,0.176,125,22
0.0,,0.3941457624048216,0.5178571428571429,112,58
0.0293,,0.50041992036057,0.5909090909090909,110,65
0.0404,,0.5613196280508597,0.6339285714285714,112,71
0.0,,0.07882378082397899,0.2824427480916031,131,37
0.0,,0.00491339822516166,0.15833333333333333,120,19
0.0,,0.12531520484413727,0.325,120,39
0.0,,0.05153380693290396,0.25217391304347825,115,29
0.0,,0.389836060663173,0.5149253731343284,134,69
0.0,,0.44414943720362393,0.552,125,69
0.0,,5.963471259940621e-05,0.09322033898305085,118,11
0.0,,0.5285165498410682,0.6106194690265486,113,69
0.0,,0.2635971381157267,0.42857142857142855,105,45
0.0028,,0.019907342077733692,0.2033898305084746,118,24
0.0,,0.6303131865967199,0.6842105263157895,114,78
0.0,,0.18887560283756186,0.375,128,48
0.0,,0.554859086378538,0.6293103448275862,116,73
0.0,,0.4706581764772641,0.5702479338842975,121,69
0.0,,0.22541865465256394,0.4016393442622951,122,49
0.0,,5.963471259940621e-05,0.09322033898305085,118,11
0.0,,0.3502247009188722,0.488,125,61
0.0,,0.3493349279871261,0.48739495798319327,119,58
0.0151,,0.23262365791729273,0.4067796610169492,118,48
0.0,,0.08677432947392927,0.2903225806451613,124,36
0.0,,0.44067640673893893,0.549618320610687,131,72
0.0,,0.41943258927433064,0.5350877192982456,114,61
0.0,,0.37450772185091874,0.5045045045045045,111,56
0.0,,0.5159400482140402,0.6017699115044248,113,68
0.0,,0.3144712112780754,0.4636363636363636,110,51
0.0,,0.027323722447292545,0.21739130434782608,115,25
0.0,,0.07739574071583856,0.2809917355371901,121,34
0.0,,0.21852970296695812,0.39669421487603307,121,48
0.0,,0.36787944117144233,0.5,134,67
0.0,,0.1728112093909412,0.3629032258064516,124,45
0.0,,0.07552184450877376,0.27906976744186046,129,36
0.0,,0.41039917309637,0.5289256198347108,121,64
0.0,,0.04489412783991953,0.24369747899159663,119,29
0.0,,0.16529888822158656,0.35714285714285715,112,40
0.0,,0.03361250384964021,0.22764227642276422,123,28
0.0,,0.29457482831010734,0.45,120,54
0.0,,0.0020777481576512566,0.13934426229508196,122,17
0.0,,0.6139726608994069,0.6721311475409836,122,82
0.0,,0.5754335174031933,0.6440677966101694,118,76
0.0,,0.3154212746389477,0.4642857142857143,112,52
0.0,,0.4018145135669928,0.5230769230769231,130,68
0.0,,0.07642628699076812,0.28,125,35
0.0,,0.3094134337485068,0.46017699115044247,113,52
0.0,,0.6466840491033322,0.6964285714285714,112,78
0.0,,0.4688015391402353,0.5689655172413793,116,66
0.0,,0.5335485934116908,0.6141732283464567,127,78
0.0,,0.38101662078407555,0.5089285714285714,112,57
0.0,,0.32266277513332753,0.46923076923076923,130,61
0.0,,0.5033008561244556,0.5929203539823009,113,67
0.0,,0.1353352832366127,0.3333333333333333,120,40
0.0,,0.1353352832366127,0.3333333333333333,114,38
0.0,,0.017536370142342755,0.19827586206896552,116,23
0.0,,0.0481548541211964,0.24793388429752067,121,30
0.0,,0.03261193598611639,0.22608695652173913,115,26
0.0,,0.01831563888873418,0.2,125,25
0.0,,0.40725934517287626,0.5267857142857143,112,59
0.0,,0.4845000806653303,0.5798319327731093,119,69
0.0,,0.4126126986641582,0.5304347826086957,115,61
0.0,,0.2557291599131006,0.4230769230769231,130,55
0.0,,0.1224564282529819,0.3225806451612903,124,40
0.0,,0.01831563888873418,0.2,135,27
0.0,,0.22095329788824408,0.3984375,128,51
0.0,,0.3507719269028113,0.4883720930232558,129,63
0.0,,0.12904178044763628,0.328125,128,42
0.0,,0.02204179588977614,0.2076923076923077,130,27
0.0,,0.23816713385120766,0.4107142857142857,112,46
0.0,,0.033373269960326066,0.22727272727272727,132,30
0.0,,0.1353352832366127,0.3333333333333333,129,43
0.0,,0.05452527577743519,0.2558139534883721,129,33
0.0,,0.558035145770047,0.631578947368421,114,72
0.0,,0.5158331951444801,0.6016949152542372,118,71
0.0,,0.29043843979142936,0.44715447154471544,123,55
0.0,,0.541027205328834,0.6194690265486725,113,70
0.0,,0.04677062238395898,0.24615384615384617,130,32
0.0,,0.7274705090242835,0.7586206896551724,116,88
0.0,,0.248538662326323,0.4180327868852459,122,51
0.0,,0.12531520484413727,0.325,120,39
0.0,,0.5945205479701945,0.6578947368421053,114,75
0.0,,0.45369841734610433,0.5585585585585585,111,62
0.0574,,0.5517862176452085,0.6271186440677966,118,74
0.0,,0.337494219389272,0.4793388429752066,121,58
0.0,,0.3554101662347747,0.4915254237288136,118,58
0.0,,0.05452527577743519,0.2558139534883721,129,33
0.0,,0.2318792628481923,0.40625,128,52
0.0,,0.4965853037914095,0.5882352941176471,119,70
0.0,,0.2715602012198598,0.43410852713178294,129,56
0.0,,0.43561959043118215,0.5461538461538461,130,71
0.0,,0.408394202652826,0.5275590551181102,127,67
0.0,,0.07820770578978964,0.2818181818181818,110,31
0.0,,0.014110027484896091,0.19008264462809918,121,23
0.0,,0.4706581764772641,0.5702479338842975,121,69
0.0,,0.20904256419766076,0.3898305084745763,118,46
0.0,,0.50041992036057,0.5909090909090909,110,65
0.0,,0.4845000806653303,0.5798319327731093,119,69
0.0,,0.4723665527410147,0.5714285714285714,112,64
0.0,,0.25346006075953376,0.4214876033057851,121,51
0.0,,0.48183250267030264,0.5779816513761468,109,63
0.0,,0.3545035081397575,0.4909090909090909,110,54
0.0,,0.42906200094310865,0.5416666666666666,120,65
0.0,,0.10402147666803763,0.3064516129032258,124,38
0.0,,0.2511215530891528,0.4198473282442748,131,55
0.0,,0.0859022330378763,0.2894736842105263,114,33
0.0,,0.19943939007505057,0.3828125,128,49
0.0,,0.5989962148511054,0.6611570247933884,121,80
0.0,,0.0481548541211964,0.24793388429752067,121,30
0.0,,0.15436720718743013,0.3486238532110092,109,38
0.0,,0.5534691327517693,0.6283185840707964,113,71
0.0,,0.29043843979142936,0.44715447154471544,123,55
0.0,,0.46740302717062804,0.568,125,71
0.0,,0.41768994794620573,0.5338983050847458,118,63
0.0,,0.5063356166481006,0.5950413223140496,121,72
0.0,,0.08092069206291477,0.2845528455284553,123,35
0.0,,0.06740947468583237,0.27049180327868855,122,33
0.0,,0.013123728736940968,0.1875,128,24
0.0,,0.05153380693290396,0.25217391304347825,115,29
0.0,,0.06655827366327882,0.26956521739130435,115,31
0.0,,0.5531615074890556,0.628099173553719,121,76
0.0,,0.02124036598442216,0.20610687022900764,131,27
0.0,,0.11080315836233387,0.3125,128,40
0.0,,0.3298586963533774,0.47413793103448276,116,55
0.0,,0.1774322085523756,0.366412213740458,131,48
0.0,,0.5810856336678201,0.6481481481481481,108,70
0.0,,0.03567399334725241,0.23076923076923078,117,27
0.0,,0.5352614285189903,0.6153846153846154,117,72
0.0,,0.0030595920643442438,0.14728682170542637,129,19
0.0,,0.0010999396107533182,0.128,125,16
0.0,,0.39368531180020383,0.5175438596491229,114,59
0.0,,0.1931198217867198,0.37815126050420167,119,45
0.0,,0.09451711413002735,0.29770992366412213,131,39
0.0,,0.20842379040978143,0.3893805309734513,113,44
0.0,,0.3563841589563572,0.4921875,128,63
0.008,,0.0747392417609257,0.2782608695652174,115,32
0.0,,0.11822861245754933,0.31896551724137934,116,37
0.0,,0.13215107228561426,0.33070866141732286,127,42
0.0,,0.04504920239355778,0.24390243902439024,123,30
0.0,,0.013509693338951185,0.1885245901639344,122,23
0.0,,0.31890655732397044,0.4666666666666667,120,56
0.0,,0.08737902619542039,0.2909090909090909,110,32
0.0,,0.48849897271075665,0.5826086956521739,115,67
0.0,,0.37450772185091874,0.5045045045045045,111,56
0.0,,0.14852874890063716,0.344,125,43
0.0,,0.057932030214945245,0.25984251968503935,127,33
0.0,,0.5625121946541365,0.6347826086956522,115,73
0.0,,0.30961868311660373,0.4603174603174603,126,58
0.0,,0.0041957456374698224,0.15447154471544716,123,19
0.0,,0.17377394345044514,0.36363636363636365,110,40
0.0,,0.4739437350937188,0.5725190839694656,131,75
0.0,,0.049787068367863944,0.25,124,31
0.0,,0.5534691327517693,0.6283185840707964,113,71
0.0,,0.49157294984172,0.5847457627118644,118,69
0.0,,0.5086188632892799,0.5966386554621849,119,71
0.0,,0.4906024211348987,0.584070796460177,113,66
0.0,,0.06539740322986021,0.2682926829268293,123,33
0.0,,0.26023925848964624,0.4262295081967213,122,52
0.0,,0.20374030905570711,0.38596491228070173,114,44
0.0,,0.20833093062499133,0.3893129770992366,131,51
0.0,,0.08816268936235745,0.2916666666666667,120,35
0.0,,0.3740621446020826,0.5042016806722689,119,60
0.0,,0.10611379284806885,0.30833333333333335,120,37
0.0,,0.011625603038838491,0.18333333333333332,120,22
0.0,,0.5488116360940264,0.625,120,75
0.0,,0.040482052480277655,0.23770491803278687,122,29
0.0,,0.03361250384964021,0.22764227642276422,123,28
0.0,,0.4286038461538369,0.5413533834586466,133,72
0.0,,0.07162123746450355,0.275,120,33
0.0,,0.14821506633752016,0.34375,128,44
0.0,,0.2980403747876627,0.4523809523809524,126,57
0.0,,0.36787944117144233,0.5,122,61
0.0,,0.007890425132278531,0.17117117117117117,111,19
0.0,,0.0463548862678976,0.24561403508771928,114,28
0.0,,0.0634453890813037,0.2661290322580645,124,33
0.0,,0.026906574544324657,0.21666666666666667,120,26
0.0,,0.127604003979795,0.3269230769230769,104,34
0.0,,0.12856996459233197,0.3277310924369748,119,39
0.0,,0.23262365791729273,0.4067796610169492,118,48
0.0,,0.33050190452744904,0.4745762711864407,118,56
0.0,,0.028249863121256942,0.21897810218978103,137,30
0.0,,0.15162216090217434,0.3464566929133858,127,44
0.0,,0.569782824730923,0.64,125,80
0.0,,0.516056789937315,0.6018518518518519,108,65
0.0,,0.02189649782906861,0.2074074074074074,135,28
0.0,,0.5669027155052999,0.6379310344827587,116,74
0.0,,0.21612142129391837,0.3949579831932773,119,47
0.0,,0.6411803884299546,0.6923076923076923,117,81
0.0,,0.2522439786581231,0.42063492063492064,126,53
0.0246,,0.3617989288399626,0.49586776859504134,121,60
0.0,,0.4261596760771025,0.5396825396825397,126,68
0.0,,0.5181273349445037,0.6033057851239669,121,73
0.0,,0.11905078309492005,0.319672131147541,122,39
0.0,,0.32465246735834974,0.47058823529411764,119,56
0.0,,0.29206782369141415,0.4482758620689655,116,52
0.0,,0.09431537009970302,0.2975206611570248,121,36
0.0,,0.5109780874356168,0.5982905982905983,117,70
0.0,,0.3072787386011313,0.45871559633027525,109,50
0.0,,0.4690045274631699,0.5691056910569106,123,70
0.0,,0.004661485743271308,0.15702479338842976,121,19
0.0,,0.01394370296859362,0.1896551724137931,116,22
0.0,,0.4366726590336307,0.546875,128,70
0.0,,0.4424691142016104,0.5508474576271186,118,65
0.0,,0.3493349279871261,0.48739495798319327,119,58
0.0128,,0.19146289967870544,0.3769230769230769,130,49
0.0,,0.30961868311660373,0.4603174603174603,126,58
0.0,,0.15202338363978404,0.3467741935483871,124,43
0.0,,0.373672699406043,0.5039370078740157,127,64
0.0,,0.4168620196785084,0.5333333333333333,120,64
0.0,,0.391605626676799,0.5161290322580645,124,64
0.0,,0.2673627479308014,0.43119266055045874,109,47
0.0,,0.023517745856009107,0.21052631578947367,114,24
0.0303,,0.5434834098395639,0.6212121212121212,132,82
0.0,,0.001033297638647637,0.12698412698412698,126,16
0.0,,0.49367278838913026,0.5862068965517241,116,68
0.0,,0.46018835634904787,0.5630252100840336,119,67
0.0282,,0.5415427147756329,0.6198347107438017,121,75
0.0,,0.0024787521766663585,0.14285714285714285,105,15
0.0,,0.004516580942612666,0.15625,128,20
0.0,,0.23434042991710527,0.408,125,51
0.0,,0.10472574938742517,0.30708661417322836,127,39
0.0,,0.22313016014842982,0.4,115,46
0.0,,0.6065306597126334,0.6666666666666666,111,74
0.0,,0.07711171996831671,0.2807017543859649,114,32
0.0,,0.5292133415000504,0.6111111111111112,126,77
0.0,,0.40970917825203323,0.5284552845528455,123,65
0.0,,0.33287108369807955,0.47619047619047616,126,60
0.0,,0.48393414207691254,0.5794392523364486,107,62
0.0,,0.17585504379621333,0.3652173913043478,115,42
0.0,,0.4650431881340563,0.5663716814159292,113,64
0.0,,0.7080517496467972,0.7433628318584071,113,84
0.0,,0.48075650378194074,0.5772357723577236,123,71
0.0,,0.37993999923303906,0.5081967213114754,122,62
0.0,,0.4090412002359705,0.528,125,66
0.0,,0.513417119032592,0.6,125,75
0.0,,0.5986022679959568,0.6608695652173913,115,76
0.0,,0.05971441573218529,0.2619047619047619,126,33
0.0,,0.021493601345089923,0.2066115702479339,121,25
0.0,,0.09071795328941251,0.29411764705882354,119,35
0.0,,0.5110780929323983,0.5983606557377049,122,73
0.0,,0.1826835240527346,0.37037037037037035,108,40
0.0,,0.3805637036061951,0.5086206896551724,116,59
0.0,,0.10348871739172022,0.30597014925373134,134,41
0.0,,0.39368531180020383,0.5175438596491229,114,59
0.0,,0.2635971381157267,0.42857142857142855,112,48
0.0,,0.47897297101301683,0.576,125,72
0.0,,0.10768215195400163,0.30973451327433627,113,35
0.0,,0.20428579817889805,0.38636363636363635,132,51
0.0,,0.6446650559001005,0.6949152542372882,118,82
0.0,,0.48757563144346455,0.5819672131147541,122,71
0.0,,0.5015054295240181,0.5916666666666667,120,71
0.0,,0.4654708140240617,0.5666666666666667,120,68
0.0,,0.2735430415717504,0.43548387096774194,124,54
0.0,,0.14488453243724006,0.34108527131782945,129,44
0.0,,0.48954165955695317,0.5833333333333334,120,70
0.0,,0.2547820159610916,0.4224137931034483,116,49
0.0,,0.021493601345089923,0.2066115702479339,121,25
0.0,,0.453370876690852,0.5583333333333333,120,67
0.0,,0.004991593906910213,0.15873015873015872,126,20
0.0,,0.4117561624046635,0.5298507462686567,134,71
0.0,,0.15784308913485173,0.35135135135135137,111,39
0.0,,0.5209121273117441,0.6052631578947368,114,69
0.0,,0.4690045274631699,0.5691056910569106,123,70
0.0,,0.20454720031622725,0.3865546218487395,119,46
0.0,,0.578136542517284,0.6460176991150443,113,73
0.0,,0.07243975703425146,0.27586206896551724,116,32
0.0,,0.02498061456229504,0.21323529411764705,136,29
0.0,,0.1499526206017648,0.34513274336283184,113,39
0.0,,0.18009231214795235,0.3684210526315789,114,42
0.0,,0.4203503845086819,0.5357142857142857,112,60
0.0,,0.4627854129515716,0.5648148148148148,108,61
0.0,,0.24963508136045096,0.4188034188034188,117,49
0.0,,0.0041957456374698224,0.15447154471544716,123,19
0.0,,0.27784225500314363,0.43846153846153846,130,57
0.0,,0.13885029031765217,0.33620689655172414,116,39
0.0,,0.07243975703425146,0.27586206896551724,116,32
0.0,,0.09784953627191781,0.3008130081300813,123,37
0.0,,0.06880556929696169,0.272,125,34
0.0,,0.47075162593123643,0.5703125,128,73
0.0,,0.49157294984172,0.5847457627118644,118,69
0.0,,0.006737946999085467,0.16666666666666666,114,19
0.0,,0.1572371663136276,0.3508771929824561,114,40
0.0,,0.08085066117844035,0.28448275862068967,116,33
0.0,,0.373329408020547,0.5037037037037037,135,68
0.0,,0.14735750808299128,0.34306569343065696,137,47
0.0,,0.0747392417609257,0.2782608695652174,115,32
0.0,,0.1386767274773686,0.3360655737704918,122,41
0.0,,0.22763768838381274,0.4032258064516129,124,50
0.0,,0.6025005705380431,0.6637168141592921,113,75
0.0,,0.6065306597126334,0.6666666666666666,114,76
0.0,,0.23223627472975883,0.4065040650406504,123,50
0.0,,0.5907775139012316,0.6551724137931034,116,76
0.0,,0.10328426164519872,0.30578512396694213,121,37
0.0,,0.14193572674833374,0.3387096774193548,124,42
0.0,,0.16529888822158656,0.35714285714285715,112,40
0.0,,0.15510757606985043,0.3492063492063492,126,44
0.0,,0.003182780796509667,0.14814814814814814,108,16
0.0349,,0.6376281516217733,0.6896551724137931,116,80
0.0,,0.4562951661811621,0.5603448275862069,116,65
0.0,,0.45063325627707884,0.5564516129032258,124,69
0.0,,0.22055064962093437,0.39814814814814814,108,43
0.0316,,0.42906200094310865,0.5416666666666666,120,65
0.0,,0.47784850185104716,0.5752212389380531,113,65
0.0,,0.42437284567694994,0.5384615384615384,117,63
0.0,,0.24171401689703645,0.4132231404958678,121,50
0.0,,0.5158331951444801,0.6016949152542372,118,71
0.0,,0.045331641611676264,0.24427480916030533,131,32
0.0,,0.42906200094310865,0.5416666666666666,120,65
0.0,,0.0055165644207607716,0.16129032258064516,124,20
0.0,,0.25346006075953376,0.4214876033057851,121,51
0.0,,0.6316249721520365,0.6851851851851852,108,74
0.0,,0.027961601725905637,0.2184873949579832,119,26
0.0,,0.541027205328834,0.6194690265486725,113,70
0.0,,0.35497273839312193,0.49122807017543857,114,56
0.0,,0.5056967074374725,0.5945945945945946,111,66
0.0,,0.009095277101695816,0.17543859649122806,114,20
0.0,,0.14821506633752016,0.34375,128,44
0.0,,0.5015054295240181,0.5916666666666667,120,71
0.0,,0.6996725373751302,0.7368421052631579,114,84
0.0,,0.13904287043980842,0.33636363636363636,110,37
0.0,,0.3607363776845711,0.49514563106796117,103,51
0.0,,0.40080281159210923,0.5223880597014925,134,70
0.0,,0.301194211912202,0.45454545454545453,121,55
0.0,,0.19916206999451525,0.3826086956521739,115,44
0.0,,0.513417119032592,0.6,115,69
0.0,,0.5488116360940264,0.625,120,75
0.0,,0.4820392533655521,0.578125,128,74
0.0,,0.2027574826543063,0.38524590163934425,122,47
0.0,,0.2838642184327269,0.4426229508196721,122,54
0.0,,0.039866367823724935,0.23684210526315788,114,27
0.0,,0.03778428252799949,0.23387096774193547,124,29
0.0,,0.3233460205641274,0.4696969696969697,132,62
0.0,,0.1353352832366127,0.3333333333333333,123,41
0.0,,0.3273692086197276,0.47244094488188976,127,60
0.0,,0.2566607769535558,0.423728813559322,118,50
0.0,,0.5876371757264761,0.6528925619834711,121,79
0.0,,0.3311237329510112,0.475,120,57
0.0,,0.05850110257890114,0.2605042016806723,119,31
0.0,,0.4335184619612917,0.5447154471544715,123,67
0.0,,0.563643492223874,0.635593220338983,118,75
0.0,,0.12181361383661986,0.3220338983050847,118,38
0.0,,0.40970917825203323,0.5284552845528455,123,65
0.0,,0.5427474811642219,0.6206896551724138,116,72
0.0,,0.00969288045801529,0.1774193548387097,124,22
0.0,,0.15811313712572672,0.3515625,128,45
0.0252,,0.30008074104991583,0.453781512605042,119,54
0.0,,0.023069802465486518,0.20967741935483872,124,26
0.0,,0.5427474811642219,0.6206896551724138,116,72
0.0,,0.6592406302004439,0.7058823529411765,102,72
0.0,,0.2035513982588113,0.3858267716535433,127,49
0.0,,0.13859621849415743,0.336,125,42
0.0,,2.0031954825181965e-05,0.08461538461538462,130,11
0.0,,0.257395142052568,0.42424242424242425,132,56
0.0,,0.13894401308852472,0.336283185840708,113,38
0.0251,,0.15560024132937275,0.34959349593495936,123,43
0.0,,0.06539740322986021,0.2682926829268293,123,33
0.0,,0.12146755266675414,0.3217391304347826,115,37
0.0,,0.3197068243005924,0.4672131147540984,122,57
0.0,,0.07099390218676449,0.2743362831858407,113,31
0.0,,0.017536370142342755,0.19827586206896552,116,23
0.0,,0.1255564274931972,0.3252032520325203,123,40
0.0,,0.43887992979155477,0.5483870967741935,124,68
0.0,,0.00017223225596081014,0.10344827586206896,116,12
0.0,,0.5911762837233567,0.6554621848739496,119,78
0.0,,0.03312697388707256,0.226890756302521,119,27
0.0,,0.38582130682912413,0.5121951219512195,123,63
0.0,,0.00822974704902003,0.1724137931034483,116,20
0.0,,0.19342660460039254,0.3783783783783784,111,42
0.0,,0.011376670404370485,0.1826086956521739,115,21
0.0,,0.0776490817034759,0.28125,128,36
0.0,,0.40289032152913307,0.5238095238095238,126,66
0.0,,0.5298638802522334,0.6115702479338843,121,74
0.0,,0.22076901658292725,0.3983050847457627,118,47
0.0,,0.36787944117144233,0.5,120,60
0.0,,0.03312697388707256,0.226890756302521,119,27
0.0,,0.5503382321516492,0.6260869565217392,115,72
0.0,,0.6178673543839127,0.675,120,81
0.0,,0.6333132437099518,0.6864406779661016,118,81
0.0,,0.1690133154060661,0.36,125,45
0.0316,,0.5754335174031933,0.6440677966101694,118,76
0.0,,0.37341135937748304,0.5037593984962406,133,67
0.0,,0.025259033406410253,0.21374045801526717,131,28
0.0,,0.4126126986641582,0.5304347826086957,115,61
0.0,,0.25283959580474646,0.42105263157894735,133,56
0.0,,0.003345965457471272,0.14925373134328357,134,20
0.0,,0.0006852585910790797,0.1206896551724138,116,14
0.0,,0.34489469893018204,0.484375,128,62
0.0,,0.3476344530406105,0.48623853211009177,109,53
0.0,,0.11256656692622061,0.3140495867768595,121,38
0.0,,0.00012340980408667956,0.1,120,12
0.0,,0.1931198217867198,0.37815126050420167,119,45
0.0,,0.2584789094739671,0.425,120,51
0.0,,0.11401462248184759,0.3153153153153153,111,35
0.0,,0.0034593773364647584,0.15,120,18
0.0,,0.024233967845691103,0.211864406779661,118,25
0.0,,0.056888238346101544,0.25862068965517243,116,30
0.0,,0.6686871112874339,0.7130434782608696,115,82
0.0,,0.6103816351323719,0.6694915254237288,118,79
0.0,,0.5592933981028804,0.6324786324786325,117,74
0.0,,0.1224564282529819,0.3225806451612903,124,40
0.0,,0.24963508136045096,0.4188034188034188,117,49
0.0,,0.2465969639416065,0.4166666666666667,120,50
0.0,,0.06444549289364138,0.2672413793103448,116,31
0.0,,0.3298586963533774,0.47413793103448276,116,55
0.0,,0.46388623406242263,0.5655737704918032,122,69
0.0,,0.4145353539976868,0.5317460317460317,126,67
0.0,,0.46388623406242263,0.5655737704918032,122,69
0.0,,0.10902084067061053,0.31092436974789917,119,37
0.0003,,0.0016615572731739354,0.13513513513513514,111,15
0.0,,0.01394370296859362,0.1896551724137931,116,22
0.0,,0.07144060392237896,0.2748091603053435,131,36
0.0,,0.03148218863177371,0.22429906542056074,107,24
0.0,,0.5488116360940264,0.625,120,75
0.0,,0.05664408319230188,0.25833333333333336,120,31
0.0,,0.35601340823927186,0.49193548387096775,124,61
0.0,,0.43887992979155477,0.5483870967741935,124,68
0.0,,0.5081782145290789,0.5963302752293578,109,65
0.0,,0.34993774911115527,0.4878048780487805,123,60
0.0,,0.05915547054321793,0.26126126126126126,111,29
0.0,,0.06123089183469574,0.2636363636363636,110,29
0.0,,0.5033008561244556,0.5929203539823009,113,67
0.0,,0.24477706843938987,0.4153846153846154,130,54
0.0,,0.3311237329510112,0.475,120,57
0.0,,0.046576150222383435,0.2459016393442623,122,30
0.0,,0.1690133154060661,0.36,125,45
0.0,,3.843021085526086e-05,0.08955223880597014,134,12
0.0,,0.2756946025335614,0.4369747899159664,119,52
0.0,,0.025891354894686434,0.21487603305785125,121,26
0.0,,0.5159400482140402,0.6017699115044248,113,68
0.0,,0.07843739051713067,0.28205128205128205,117,33
0.0,,0.04018402645107363,0.23728813559322035,118,28
0.0,,0.025891354894686434,0.21487603305785125,121,26
0.0,,0.5089911369145981,0.5968992248062015,129,77
0.0,,0.23390734848454622,0.4076923076923077,130,53
0.0,,0.06655827366327882,0.26956521739130435,115,31
0.0,,0.453370876690852,0.5583333333333333,120,67
0.0,,0.09334727772646485,0.2966101694915254,118,35
0.0,,0.04436144177290667,0.24299065420560748,107,26
0.0,,0.4723665527410147,0.5714285714285714,119,68
0.0,,0.007051284680703912,0.16793893129770993,131,22
0.0095,,0.09431537009970302,0.2975206611570248,121,36
0.0,,0.30568956507807943,0.4576271186440678,118,54
0.0,,0.5248006293652001,0.608,125,76
0.0,,0.012778387649535773,0.1865671641791045,134,25
0.0,,0.2508302851306142,0.41964285714285715,112,47
0.0,,0.28275968979620325,0.4418604651162791,129,57
0.0,,0.32048140132810143,0.46774193548387094,124,58
0.0296,,0.48030530108979935,0.5769230769230769,104,60
0.0,,0.41768994794620573,0.5338983050847458,118,63
0.0,,0.541027205328834,0.6194690265486725,113,70
0.0,,0.11455884399268769,0.3157894736842105,114,36
0.0,,0.4999069322759821,0.5905511811023622,127,75
0.0,,0.458029394036559,0.5615384615384615,130,73
0.0,,0.12889199313951064,0.328,125,41
0.0,,0.04472856885946226,0.24347826086956523,115,28
0.0,,0.046676421766522445,0.24603174603174602,126,31
0.0,,0.432267928804797,0.543859649122807,114,62
0.0,,0.005178924370597751,0.15966386554621848,119,19
0.0,,0.10539922456186433,0.3076923076923077,117,36
0.0,,0.16704806656928436,0.3584905660377358,106,38
0.0,,0.04504920239355778,0.24390243902439024,123,30
0.0,,0.0643861234893726,0.26717557251908397,131,35
0.0,,9.61116520613947e-05,0.0975609756097561,123,12
0.0,,0.39729471319771137,0.52,125,65
0.0,,0.32465246735834974,0.47058823529411764,119,56
0.0,,0.4023440296514932,0.5234375,128,67
0.0,,0.4852568585021383,0.5803571428571429,112,65
0.0,,0.2756946025335614,0.4369747899159664,119,52
0.0,,0.041902332174932604,0.2396694214876033,121,29
0.0,,0.5037302936889633,0.5932203389830508,118,70
0.0,,0.47784850185104716,0.5752212389380531,113,65
0.0,,0.18310886384696645,0.3706896551724138,116,43
0.0,,0.1224564282529819,0.3225806451612903,124,40
0.0,,0.48382723074583833,0.5793650793650794,126,73
0.0,,0.029599435167892013,0.22123893805309736,113,25
0.0,,0.17377394345044514,0.36363636363636365,121,44
0.0,,0.4357139927691877,0.5462184873949579,119,65
0.0,,0.5257880244257798,0.6086956521739131,115,70
0.0,,0.11543000972664091,0.31654676258992803,139,44
0.0,,0.11556816651413947,0.31666666666666665,120,38
0.0,,0.3801409725154386,0.5083333333333333,120,61
0.0264,,0.11455884399268769,0.3157894736842105,133,42
0.0,,0.38582130682912413,0.5121951219512195,123,63
0.0,,0.22066465874200492,0.39823008849557523,113,45
0.0,,0.12918476301522905,0.3282442748091603,131,43
0.0,,0.001033297638647637,0.12698412698412698,126,16
0.0,,0.6025005705380431,0.6637168141592921,113,75
0.0,,0.5325188482228176,0.6134453781512605,119,73
0.0,,0.21640313503371336,0.3951612903225806,124,49
0.0,,0.054846011771641404,0.256198347107438,121,31
0.0356,,0.5088125121973882,0.5967741935483871,124,74
0.0,,0.39086465125630715,0.515625,128,66
0.0,,0.31807930342445107,0.4661016949152542,118,55
0.0,,0.11080315836233387,0.3125,112,35
0.0,,0.0020777481576512566,0.13934426229508196,122,17
0.0,,0.40463821606698874,0.525,120,63
0.0,,0.0034593773364647584,0.15,120,18
0.0,,0.30568956507807943,0.4576271186440678,118,54
0.0,,0.3741678268007305,0.5042735042735043,117,59
0.0,,0.15384727771283108,0.3482142857142857,112,39
0.0,,0.1728112093909412,0.3629032258064516,124,45
0.0,,0.0416451056544737,0.23931623931623933,117,28
0.0,,0.00969288045801529,0.1774193548387097,124,22
0.0,,0.33846542510674216,0.48,125,60
0.0,,0.44414943720362393,0.552,125,69
0.0,,0.1630084093548515,0.35537190082644626,121,43
0.0,,0.4274149319487267,0.5405405405405406,111,60
0.0,,0.3441537868654125,0.4838709677419355,124,60
0.0,,0.28176928909495835,0.4411764705882353,136,60
0.0,,0.08854517331628878,0.2920353982300885,113,33
0.0,,0.009262158280646596,0.176,125,22
0.0,,0.2158150833986898,0.39473684210526316,114,45
0.0,,0.33846542510674216,0.48,125,60
0.0,,0.00795994384870645,0.17142857142857143,140,24
0.0,,0.3043261860398207,0.4566929133858268,127,58
0.0,,0.3624294757991059,0.4962962962962963,135,67
0.0,,0.10744574776375677,0.30952380952380953,126,39
0.0,,0.4723665527410147,0.5714285714285714,112,64
0.0,,0.20842379040978143,0.3893805309734513,113,44
0.0,,0.2891699386316002,0.4462809917355372,121,54
0.0197,,0.33287108369807955,0.47619047619047616,126,60
0.0,,0.11455884399268769,0.3157894736842105,114,36
0.0,,0.513417119032592,0.6,120,72
0.0,,0.09212440522976928,0.29545454545454547,132,39
0.0033,,0.01756816772229195,0.19834710743801653,121,24
0.0,,0.32799592371917635,0.4728682170542636,129,61
0.0,,0.01624451444194987,0.1953125,128,25
0.0,,0.09015273423081638,0.29357798165137616,109,32
0.0,,0.4757526784556506,0.5737704918032787,122,70
0.0,,0.15296425376522102,0.3475177304964539,141,49
0.0,,0.06539740322986021,0.2682926829268293,123,33
0.0,,0.27645304662956444,0.4375,128,56
0.0,,0.01394370296859362,0.1896551724137931,116,22
0.0,,0.18009231214795235,0.3684210526315789,133,49
0.0,,0.255282471537841,0.42276422764227645,123,52
0.0,,0.09451711413002735,0.29770992366412213,131,39
0.0,,0.513417119032592,0.6,120,72
0.0,,0.255282471537841,0.42276422764227645,123,52
0.0,,0.30961868311660373,0.4603174603174603,126,58
0.0,,0.4965853037914095,0.5882352941176471,119,70
0.0276,,0.4456509850316311,0.553030303030303,132,73
0.0,,0.563643492223874,0.635593220338983,118,75
0.0,,0.22825936579963485,0.4036697247706422,109,44
0.0,,0.2635971381157267,0.42857142857142855,126,54
0.0,,0.5587296511512364,0.6320754716981132,106,67
0.0,,0.21052738593173653,0.39090909090909093,110,43
0.0,,0.21852970296695812,0.39669421487603307,121,48
0.0,,0.3505026202543154,0.4881889763779528,127,62
0.0,,0.42525237457628545,0.5390625,128,69
0.0,,0.2256232087716122,0.4017857142857143,112,45
0.0,,0.078641388817161,0.28225806451612906,124,35
0.0,,0.4562951661811621,0.5603448275862069,116,65
0.0,,0.07515254527331507,0.2786885245901639,122,34
0.0,,0.03526629502916688,0.23015873015873015,126,29
0.005,,0.046469201589239596,0.2457627118644068,118,29
0.0,,0.1795338868219742,0.368,125,46
0.0,,0.013123728736940968,0.1875,128,24
0.0,,0.001223692498780507,0.1297709923664122,131,17
0.0,,0.38034875658925854,0.5084745762711864,118,60
0.0,,0.3740621446020826,0.5042016806722689,119,60
0.0,,0.10964292652341259,0.3114754098360656,122,38
0.0,,0.01831563888873418,0.2,125,25
0.0,,0.06487492343775074,0.2677165354330709,127,34
0.0,,0.5669027155052999,0.6379310344827587,116,74
0.0,,0.3046233311938065,0.45689655172413796,116,53
0.0,,0.7502443527563947,0.7767857142857143,112,87
0.0,,0.1875118860192384,0.37398373983739835,123,46
0.0,,0.6363193019587482,0.6886792452830188,106,73
0.0,,0.42130140307295605,0.5363636363636364,110,59
0.0,,0.5387944944696997,0.6178861788617886,123,76
0.0,,0.4993517885992762,0.5901639344262295,122,72
0.0,,0.38034875658925854,0.5084745762711864,118,60
0.0,,0.006125847925980369,0.1640625,128,21
0.0,,0.04546060778829054,0.24444444444444444,135,33
0.0,,0.43009464064006225,0.5423728813559322,118,64
0.0,,0.03361250384964021,0.22764227642276422,123,28
0.0,,0.04237103349160362,0.24031007751937986,129,31
0.0,,0.004567045012073213,0.1565217391304348,115,18
0.0,,0.1610425027628398,0.35384615384615387,130,46
0.0,,0.20105703264535493,0.384,125,48
0.0,,0.453370876690852,0.5583333333333333,120,67
0.0,,0.05153380693290396,0.25217391304347825,115,29
0.0,,0.4429556112545522,0.5511811023622047,127,70
0.0,,0.5531615074890556,0.628099173553719,121,76
0.0,,0.03610122172462459,0.23140495867768596,121,28
0.0,,0.46710835258093536,0.5677966101694916,118,67
0.0,,0.3502247009188722,0.488,125,61
0.0,,0.0319224918348957,0.225,120,27
0.0,,0.05881647164242988,0.2608695652173913,69,18
0.0,,0.08705836957907157,0.2905982905982906,117,34
0.0,,0.09697196786440505,0.3,120,36
0.0,,0.4207688517558795,0.536,125,67
0.0,,0.0058790291787157055,0.16296296296296298,135,22
0.0131,,0.1707692821899428,0.36134453781512604,119,43
0.0,,0.09883675647787384,0.3017241379310345,116,35
0.0,,0.01762456628620392,0.1984732824427481,131,26
0.0,,0.31890655732397044,0.4666666666666667,120,56
0.0,,0.3998496543448473,0.5217391304347826,115,60
0.0,,0.3420743141365465,0.4824561403508772,114,55
0.0,,0.301194211912202,0.45454545454545453,110,50
0.0,,0.42525237457628545,0.5390625,128,69
0.0,,0.45783336177161427,0.5614035087719298,114,64
0.0,,0.3987762330995236,0.5210084033613446,119,62
0.0,,0.4856717852477124,0.5806451612903226,124,72
0.0,,0.4152859836777805,0.532258064516129,124,66
0.0,,0.4557940183280172,0.56,125,70
0.0,,0.2805976929107969,0.44036697247706424,109,48
0.0,,0.03567399334725241,0.23076923076923078,117,27
0.0,,0.04504920239355778,0.24390243902439024,123,30
0.0,,0.2704434370620157,0.43333333333333335,120,52
0.0,,0.4723665527410147,0.5714285714285714,112,64
0.0,,0.028115659748972045,0.21875,128,28
0.0,,0.00018719993646198116,0.10434782608695652,115,12
0.0,,0.028115659748972045,0.21875,128,28
0.0,,0.26529229073685934,0.4297520661157025,121,52
0.0,,0.3611295508093596,0.4954128440366973,109,54
0.0,,0.21640313503371336,0.3951612903225806,124,49
0.0,,0.50041992036057,0.5909090909090909,110,65
0.0,,0.560060679469488,0.6330275229357798,109,69
0.0,,0.5517862176452085,0.6271186440677966,118,74
0.0,,0.12578631408297355,0.3253968253968254,126,41
0.0,,0.32536520574936284,0.47107438016528924,121,57
0.0,,0.3998496543448473,0.5217391304347826,115,60
0.0,,0.5060299507252112,0.5948275862068966,116,69
0.0,,0.21013607120076472,0.390625,128,50
0.0,,0.4357139927691877,0.5462184873949579,119,65
0.0,,0.30868356246603407,0.4596774193548387,124,57
0.0,,0.023974386905794846,0.21138211382113822,123,26
0.0,,0.05147460670170076,0.25210084033613445,119,30
0.0,,0.2635971381157267,0.42857142857142855,119,51
0.0,,0.453089017280169,0.5581395348837209,129,72
0.0,,0.15162216090217434,0.3464566929133858,127,44
0.0,,0.31234830125984425,0.46218487394957986,119,55
0.0,,0.007828377549225773,0.17094017094017094,117,20
0.0,,0.0416451056544737,0.23931623931623933,117,28
0.0,,0.008966268257436799,0.175,120,21
0.0,,0.6550282443857737,0.7027027027027027,111,78
0.0,,0.3955269977080614,0.518796992481203,133,69
0.0,,0.09697196786440505,0.3,120,36
0.0,,0.08333818055259402,0.28695652173913044,115,33
0.0,,0.15087488710606647,0.3458646616541353,133,46
0.0,,0.4557940183280172,0.56,125,70
0.0,,0.5889513097505535,0.6538461538461539,130,85
0.0,,0.49584468453462427,0.5877192982456141,114,67
0.0,,0.08782294916948319,0.29133858267716534,127,37
0.0,,0.4152859836777805,0.532258064516129,124,66
0.0,,0.051419287409121724,0.25203252032520324,123,31
0.0,,0.32400895425437076,0.4701492537313433,134,63
0.0,,0.0952403720093212,0.29838709677419356,124,37
0.0,,0.5205976618052621,0.6050420168067226,119,72
0.0,,0.315832783092867,0.4645669291338583,127,59
0.0,,0.15784308913485173,0.35135135135135137,111,39
0.0,,0.26529229073685934,0.4297520661157025,121,52
0.0,,0.04293155618049604,0.24107142857142858,112,27
0.0,,0.31326234213390214,0.4628099173553719,121,56
0.0,,0.27086832847046344,0.4336283185840708,113,49
0.0,,0.24459212166433136,0.4152542372881356,118,49
0.0,,0.543139215164663,0.6209677419354839,124,77
0.0,,0.26529229073685934,0.4297520661157025,121,52
0.0,,0.32799592371917635,0.4728682170542636,129,61
0.0,,0.5108691484982968,0.5982142857142857,112,67
0.0,,0.5503382321516492,0.6260869565217392,115,72
0.0,,0.5679116184524642,0.6386554621848739,119,76
0.0,,0.3154212746389477,0.4642857142857143,112,52
0.0,,0.5907775139012316,0.6551724137931034,116,76
0.0,,0.012277339903068436,0.18518518518518517,108,20
0.0,,0.5257880244257798,0.6086956521739131,115,70
0.0,,0.40776721310207975,0.5271317829457365,129,68
0.0,,0.2907492353099861,0.4473684210526316,114,51
0.0,,0.6347364189402819,0.6875,112,77
0.0,,0.20568789151446917,0.38738738738738737,111,43
0.0,,0.35497273839312193,0.49122807017543857,114,56
0.0,,0.4723665527410147,0.5714285714285714,119,68
0.0,,0.28247903504030164,0.44166666666666665,120,53
0.0,,0.041902332174932604,0.2396694214876033,121,29
0.0,,0.46388623406242263,0.5655737704918032,122,69
0.0,,0.37974550730013185,0.5080645161290323,124,63
0.0,,0.39199431709321886,0.5163934426229508,122,63
0.0,,0.10964292652341259,0.3114754098360656,122,38
0.0,,0.45219092239655023,0.5575221238938053,113,63
0.0,,0.03803567403569788,0.23423423423423423,111,26
0.0,,0.37386108997397494,0.5040650406504065,123,62
0.0,,0.5398638201342368,0.6186440677966102,118,73
0.0,,0.432267928804797,0.543859649122807,114,62
0.0,,0.49404523106357967,0.5864661654135338,133,78
0.0,,0.543139215164663,0.6209677419354839,124,77
0.0,,0.42437284567694994,0.5384615384615384,130,70
0.0,,0.37395995579118924,0.5041322314049587,121,61
0.0,,0.5517862176452085,0.6271186440677966,118,74
0.0,,0.005103759888794229,0.1592920353982301,113,18
0.0,,0.13182028128887302,0.33043478260869563,115,38
0.0158,,0.2685240453102565,0.432,125,54
0.0,,0.1387613122429553,0.33613445378151263,119,40
0.0,,0.37427718463330034,0.5043478260869565,115,58
0.0,,0.042687627542115365,0.24074074074074073,108,26
0.0,,0.04809953551255484,0.24786324786324787,117,29
0.0,,0.5158331951444801,0.6016949152542372,118,71
0.0,,0.5108691484982968,0.5982142857142857,112,67
0.0,,0.3955269977080614,0.518796992481203,133,69
0.0,,0.5387944944696997,0.6178861788617886,123,76
0.0,,0.4548085181321938,0.559322033898305,118,66
0.0,,0.5205976618052621,0.6050420168067226,119,72
0.0,,0.18887560283756186,0.375,128,48
0.0,,0.25346006075953376,0.4214876033057851,121,51
0.0,,0.27784225500314363,0.43846153846153846,130,57
0.0,,0.282152909579098,0.44144144144144143,111,49
0.0,,0.06874031982883642,0.2719298245614035,114,31
0.0,,0.497266023772333,0.5887096774193549,124,73
0.0,,0.3433635374154086,0.48333333333333334,120,58
0.0,,0.5561781253709418,0.6302521008403361,119,75
0.0,,0.62970740751161,0.6837606837606838,117,80
0.0,,0.6309514783767296,0.6846846846846847,111,76
0.0,,0.18443167847025327,0.37168141592920356,113,42
0.0,,0.27502065063710324,0.4365079365079365,126,55
0.0,,0.11648415777349691,0.31746031746031744,126,40
0.0,,0.06874031982883642,0.2719298245614035,114,31
0.0,,0.4999069322759821,0.5905511811023622,127,75
0.0,,0.003968322710141194,0.15315315315315314,111,17
0.0,,0.4261596760771025,0.5396825396825397,126,68
0.0124,,0.10472574938742517,0.30708661417322836,127,39
0.0,,0.432267928804797,0.543859649122807,114,62
0.0,,0.12275546700138912,0.3228346456692913,127,41
0.0,,0.46018835634904787,0.5630252100840336,119,67
0.0,,0.23304545953876055,0.40707964601769914,113,46
0.0,,0.255282471537841,0.42276422764227645,123,52
0.0,,0.5561781253709418,0.6302521008403361,119,75
0.0,,0.560060679469488,0.6330275229357798,109,69
0.0,,0.2140240971774475,0.39344262295081966,122,48
0.0,,0.00015846132511575126,0.10256410256410256,117,12
0.0,,0.389836060663173,0.5149253731343284,134,69
0.0246,,0.6065306597126334,0.6666666666666666,126,84
0.0,,0.44374731008107987,0.5517241379310345,116,64
0.0,,0.3791979291581653,0.5076923076923077,130,66
0.0,,0.4845000806653303,0.5798319327731093,119,69
0.0372,,0.6832104226749482,0.7241379310344828,116,84
0.0,,0.4234266412852628,0.5378151260504201,119,64
0.0,,0.24752927649647083,0.41732283464566927,127,53
0.0,,0.11283618731705687,0.3142857142857143,105,33
0.0,,0.5459307417499611,0.6229508196721312,122,76
0.0,,0.3740621446020826,0.5042016806722689,119,60
0.0,,0.18887560283756186,0.375,120,45
0.0313,,0.41111229050718745,0.5294117647058824,119,63
0.0,,0.011353140587732,0.18253968253968253,126,23
0.0029,,0.01065563235854393,0.18045112781954886,133,24
0.0,,0.19041743596602168,0.3761467889908257,109,41
0.0066,,0.06500225396303454,0.26785714285714285,112,30
0.0,,0.000221150594227149,0.10619469026548672,113,12
0.0,,0.19745941247377172,0.3813559322033898,118,45
0.0,,0.4793644486953708,0.576271186440678,118,68
0.0,,0.42437284567694994,0.5384615384615384,117,63
0.0338,,0.4304788251975029,0.5426356589147286,129,70
0.0,,0.004991593906910213,0.15873015873015872,126,20
0.0,,0.3993037845944021,0.5213675213675214,117,61
0.0,,0.1353352832366127,0.3333333333333333,123,41
0.0,,0.42130140307295605,0.5363636363636364,110,59
0.0,,0.34453011682997364,0.48412698412698413,126,61
0.0,,0.4335184619612917,0.5447154471544715,123,67
0.0,,0.05468039736791477,0.256,125,32
0.0,,0.5333531901568119,0.6140350877192983,114,70
0.0277,,0.6832104226749482,0.7241379310344828,116,84
0.0,,0.1353352832366127,0.3333333333333333,117,39
0.0,,0.0035829136267023836,0.15079365079365079,126,19
0.0,,0.46740302717062804,0.568,125,71
0.0,,0.1008503396152757,0.30357142857142855,112,34
0.0,,0.5517862176452085,0.6271186440677966,118,74
0.0,,0.3311237329510112,0.475,120,57
0.0,,0.4145353539976868,0.5317460317460317,126,67
0.0,,0.014871132916733311,0.192,125,24
0.0,,0.024914440787632726,0.21311475409836064,122,26
0.0,,0.3867410234545011,0.5128205128205128,117,60
0.0,,0.12479522548865522,0.32456140350877194,114,37
0.0,,0.4493289641172217,0.5555555555555556,117,65
0.0,,0.3982660934312606,0.5206611570247934,121,63
0.0,,0.38642415249849105,0.5126050420168067,119,61
0.0,,0.07162123746450355,0.275,120,33
0.0,,0.3197068243005924,0.4672131147540984,122,57
0.0,,0.4429556112545522,0.5511811023622047,127,70
0.0,,0.06948345122280151,0.2727272727272727,121,33
0.0,,0.0008566338301859405,0.12403100775193798,129,16
0.0,,0.4216261054870036,0.5365853658536586,123,66
0.0,,0.006392488952820664,0.16521739130434782,115,19
0.0,,0.4950358969261986,0.5871559633027523,109,64
0.0,,0.000961161200070138,0.12582781456953643,151,19
0.0,,0.46740302717062804,0.568,125,71
0.0,,0.2980403747876627,0.4523809523809524,126,57
0.0,,0.27645304662956444,0.4375,128,56
0.0,,0.10251175769346066,0.3050847457627119,118,36
0.0,,0.0035829136267023836,0.15079365079365079,126,19
0.0,,0.0019304541362277093,0.13793103448275862,116,16
0.0,,0.6065306597126334,0.6666666666666666,111,74
0.0,,0.5248006293652001,0.608,125,76
0.0,,0.028438824714184494,0.21929824561403508,114,25
0.0,,0.230066298993809,0.4049586776859504,121,49
0.0,,0.6065306597126334,0.6666666666666666,114,76
0.0,,0.5387944944696997,0.6178861788617886,123,76
0.0,,0.30227182869643454,0.45528455284552843,123,56
0.0,,0.6187833918061408,0.6756756756756757,111,75
0.0,,0.11943296826671962,0.32,125,40
0.0,,0.40970917825203323,0.5284552845528455,123,65
0.0,,0.5060299507252112,0.5948275862068966,116,69
0.0,,0.23262365791729273,0.4067796610169492,118,48
0.0,,0.642198943241234,0.693069306930693,101,70
0.0,,0.6270890852730561,0.6818181818181818,110,75
0.0,,0.33846542510674216,0.48,125,60
