r1_p,r1_r,r1_f,r2_p,r2_r,r2_f,rL_p,rL_r,rL_f
1.8900000000000001,1.47,1.6500000000000001,0.0,0.0,0.0,1.8900000000000001,1.47,1.6500000000000001
10.0,2.9000000000000004,4.49,0.0,0.0,0.0,10.0,2.9000000000000004,4.49
23.080000000000002,4.84,8.0,8.33,1.6400000000000001,2.74,23.080000000000002,4.84,8.0
9.68,4.29,5.94,0.0,0.0,0.0,9.68,4.29,5.94
9.09,4.760000000000001,6.25,2.33,1.2,1.59,9.09,4.760000000000001,6.25
30.0,8.450000000000001,13.19,10.530000000000001,2.86,4.49,30.0,8.450000000000001,13.19
29.409999999999997,6.41,10.530000000000001,0.0,0.0,0.0,23.53,5.13,8.42
2.0,1.3,1.5699999999999998,0.0,0.0,0.0,2.0,1.3,1.5699999999999998
6.52,4.6899999999999995,5.45,2.22,1.59,1.8499999999999999,6.52,4.6899999999999995,5.45
18.18,5.13,8.0,9.520000000000001,2.6,4.08,13.639999999999999,3.85,6.0
13.639999999999999,4.62,6.9,4.760000000000001,1.5599999999999998,2.35,9.09,3.08,4.6
0.0,0.0,0.0,0.0,0.0,0.0,0.0,0.0,0.0
5.0,1.59,2.41,0.0,0.0,0.0,5.0,1.59,2.41
0.0,0.0,0.0,0.0,0.0,0.0,0.0,0.0,0.0
20.59,10.45,13.86,15.15,7.580000000000001,10.100000000000001,20.59,10.45,13.86
0.0,0.0,0.0,0.0,0.0,0.0,0.0,0.0,0.0
9.520000000000001,2.63,4.12,5.0,1.3299999999999998,2.11,9.520000000000001,2.63,4.12
15.709999999999999,14.860000000000001,15.28,10.14,9.59,9.86,15.709999999999999,14.860000000000001,15.28
6.67,2.7,3.85,0.0,0.0,0.0,6.67,2.7,3.85
7.6899999999999995,2.9899999999999998,4.3,0.0,0.0,0.0,7.6899999999999995,2.9899999999999998,4.3
0.0,0.0,0.0,0.0,0.0,0.0,0.0,0.0,0.0
2.0,1.47,1.69,0.0,0.0,0.0,2.0,1.47,1.69
0.0,0.0,0.0,0.0,0.0,0.0,0.0,0.0,0.0
20.69,8.450000000000001,12.0,7.140000000000001,2.86,4.08,17.24,7.04,10.0
5.0,1.43,2.22,0.0,0.0,0.0,5.0,1.43,2.22
14.29,3.85,6.0600000000000005,10.0,2.6,4.12,14.29,3.85,6.0600000000000005
14.29,2.9000000000000004,4.82,7.6899999999999995,1.47,2.4699999999999998,14.29,2.9000000000000004,4.82
14.29,2.41,4.12,0.0,0.0,0.0,14.29,2.41,4.12
10.26,5.41,7.08,0.0,0.0,0.0,10.26,5.41,7.08
1.69,1.4500000000000002,1.5599999999999998,0.0,0.0,0.0,1.69,1.4500000000000002,1.5599999999999998
9.09,1.35,2.35,0.0,0.0,0.0,9.09,1.35,2.35
0.0,0.0,0.0,0.0,0.0,0.0,0.0,0.0,0.0
3.64,2.7,3.1,0.0,0.0,0.0,3.64,2.7,3.1
9.09,1.47,2.53,0.0,0.0,0.0,9.09,1.47,2.53
0.0,0.0,0.0,0.0,0.0,0.0,0.0,0.0,0.0
12.5,2.63,4.35,6.67,1.3299999999999998,2.22,12.5,2.63,4.35
23.810000000000002,7.8100000000000005,11.76,15.0,4.760000000000001,7.23,19.05,6.25,9.41
0.0,0.0,0.0,0.0,0.0,0.0,0.0,0.0,0.0
0.0,0.0,0.0,0.0,0.0,0.0,0.0,0.0,0.0
8.33,4.760000000000001,6.0600000000000005,2.86,1.6099999999999999,2.06,8.33,4.760000000000001,6.0600000000000005
26.669999999999998,5.19,8.7,14.29,2.63,4.44,26.669999999999998,5.19,8.7
3.7699999999999996,3.2300000000000004,3.4799999999999995,0.0,0.0,0.0,3.7699999999999996,3.2300000000000004,3.4799999999999995
22.73,6.49,10.100000000000001,9.520000000000001,2.63,4.12,13.639999999999999,3.9,6.0600000000000005
3.7699999999999996,2.9000000000000004,3.2800000000000002,1.92,1.47,1.67,3.7699999999999996,2.9000000000000004,3.2800000000000002
11.76,3.08,4.88,6.25,1.5599999999999998,2.5,11.76,3.08,4.88
3.5700000000000003,2.86,3.17,0.0,0.0,0.0,3.5700000000000003,2.86,3.17
19.23,7.140000000000001,10.42,16.0,5.800000000000001,8.51,19.23,7.140000000000001,10.42
0.0,0.0,0.0,0.0,0.0,0.0,0.0,0.0,0.0
0.0,0.0,0.0,0.0,0.0,0.0,0.0,0.0,0.0
18.75,4.05,6.67,6.67,1.37,2.27,18.75,4.05,6.67
7.89,4.35,5.609999999999999,5.41,2.94,3.81,7.89,4.35,5.609999999999999
15.559999999999999,10.61,12.61,4.55,3.08,3.6700000000000004,15.559999999999999,10.61,12.61
1.79,1.3,1.5,0.0,0.0,0.0,1.79,1.3,1.5
20.0,5.800000000000001,8.99,10.530000000000001,2.94,4.6,20.0,5.800000000000001,8.99
0.0,0.0,0.0,0.0,0.0,0.0,0.0,0.0,0.0
6.9,2.82,4.0,0.0,0.0,0.0,6.9,2.82,4.0
4.0,2.86,3.3300000000000005,0.0,0.0,0.0,4.0,2.86,3.3300000000000005
0.0,0.0,0.0,0.0,0.0,0.0,0.0,0.0,0.0
23.080000000000002,4.62,7.6899999999999995,0.0,0.0,0.0,23.080000000000002,4.62,7.6899999999999995
4.17,1.35,2.04,0.0,0.0,0.0,4.17,1.35,2.04
5.26,1.35,2.15,0.0,0.0,0.0,5.26,1.35,2.15
4.17,1.3,1.9800000000000002,0.0,0.0,0.0,4.17,1.3,1.9800000000000002
33.33,4.05,7.23,12.5,1.37,2.4699999999999998,33.33,4.05,7.23
0.0,0.0,0.0,0.0,0.0,0.0,0.0,0.0,0.0
0.0,0.0,0.0,0.0,0.0,0.0,0.0,0.0,0.0
36.36,5.06,8.89,20.0,2.56,4.55,27.27,3.8,6.67
0.0,0.0,0.0,0.0,0.0,0.0,0.0,0.0,0.0
15.790000000000001,4.2299999999999995,6.67,5.56,1.43,2.27,15.790000000000001,4.2299999999999995,6.67
13.950000000000001,7.59,9.84,11.899999999999999,6.41,8.33,13.950000000000001,7.59,9.84
29.409999999999997,6.8500000000000005,11.110000000000001,12.5,2.78,4.55,29.409999999999997,6.8500000000000005,11.110000000000001
23.080000000000002,4.760000000000001,7.89,8.33,1.6099999999999999,2.7,23.080000000000002,4.760000000000001,7.89
15.790000000000001,4.62,7.140000000000001,5.56,1.5599999999999998,2.44,15.790000000000001,4.62,7.140000000000001
0.0,0.0,0.0,0.0,0.0,0.0,0.0,0.0,0.0
7.5,3.95,5.17,5.13,2.67,3.51,7.5,3.95,5.17
3.5700000000000003,1.54,2.15,0.0,0.0,0.0,3.5700000000000003,1.54,2.15
0.0,0.0,0.0,0.0,0.0,0.0,0.0,0.0,0.0
7.580000000000001,7.04,7.3,0.0,0.0,0.0,7.580000000000001,7.04,7.3
1.43,1.37,1.4000000000000001,0.0,0.0,0.0,1.43,1.37,1.4000000000000001
23.53,5.41,8.790000000000001,12.5,2.74,4.49,17.65,4.05,6.59
0.0,0.0,0.0,0.0,0.0,0.0,0.0,0.0,0.0
26.32,7.04,11.110000000000001,5.56,1.43,2.27,21.05,5.63,8.89
5.26,2.74,3.5999999999999996,0.0,0.0,0.0,5.26,2.74,3.5999999999999996
3.5700000000000003,2.63,3.0300000000000002,0.0,0.0,0.0,3.5700000000000003,2.63,3.0300000000000002
5.56,1.41,2.25,0.0,0.0,0.0,5.56,1.41,2.25
20.0,6.67,10.0,8.33,2.7,4.08,16.0,5.33,8.0
14.29,3.9,6.12,5.0,1.32,2.08,14.29,3.9,6.12
5.26,4.05,4.58,0.0,0.0,0.0,1.7500000000000002,1.35,1.53
4.65,3.1199999999999997,3.74,0.0,0.0,0.0,2.33,1.5599999999999998,1.87
0.0,0.0,0.0,0.0,0.0,0.0,0.0,0.0,0.0
0.0,0.0,0.0,0.0,0.0,0.0,0.0,0.0,0.0
16.0,5.33,8.0,4.17,1.35,2.04,12.0,4.0,6.0
10.0,3.9,5.609999999999999,0.0,0.0,0.0,6.67,2.6,3.74
3.6999999999999997,1.39,2.02,0.0,0.0,0.0,3.6999999999999997,1.39,2.02
14.29,2.9899999999999998,4.9399999999999995,7.6899999999999995,1.52,2.53,14.29,2.9899999999999998,4.9399999999999995
3.2800000000000002,2.9000000000000004,3.08,0.0,0.0,0.0,3.2800000000000002,2.9000000000000004,3.08
5.56,1.39,2.22,0.0,0.0,0.0,5.56,1.39,2.22
3.5700000000000003,1.32,1.92,0.0,0.0,0.0,3.5700000000000003,1.32,1.92
10.0,3.6999999999999997,5.41,0.0,0.0,0.0,10.0,3.6999999999999997,5.41
0.0,0.0,0.0,0.0,0.0,0.0,0.0,0.0,0.0
14.29,3.2300000000000004,5.26,7.6899999999999995,1.6400000000000001,2.7,14.29,3.2300000000000004,5.26
0.0,0.0,0.0,0.0,0.0,0.0,0.0,0.0,0.0
0.0,0.0,0.0,0.0,0.0,0.0,0.0,0.0,0.0
0.0,0.0,0.0,0.0,0.0,0.0,0.0,0.0,0.0
7.41,2.44,3.6700000000000004,3.85,1.23,1.87,7.41,2.44,3.6700000000000004
6.25,4.109999999999999,4.96,2.13,1.39,1.68,4.17,2.74,3.3099999999999996
4.17,2.63,3.2300000000000004,2.13,1.3299999999999998,1.6400000000000001,4.17,2.63,3.2300000000000004
14.29,4.82,7.21,3.6999999999999997,1.22,1.83,14.29,4.82,7.21
20.0,1.54,2.86,0.0,0.0,0.0,20.0,1.54,2.86
20.0,4.4799999999999995,7.32,7.140000000000001,1.52,2.5,20.0,4.4799999999999995,7.32
37.5,15.790000000000001,22.220000000000002,22.58,9.33,13.209999999999999,37.5,15.790000000000001,22.220000000000002
12.9,4.760000000000001,6.959999999999999,6.67,2.41,3.54,12.9,4.760000000000001,6.959999999999999
10.71,3.85,5.66,0.0,0.0,0.0,10.71,3.85,5.66
11.110000000000001,2.67,4.3,0.0,0.0,0.0,11.110000000000001,2.67,4.3
0.0,0.0,0.0,0.0,0.0,0.0,0.0,0.0,0.0
9.62,6.25,7.580000000000001,5.88,3.8,4.62,9.62,6.25,7.580000000000001
12.2,6.76,8.7,7.5,4.109999999999999,5.3100000000000005,12.2,6.76,8.7
5.26,1.47,2.3,0.0,0.0,0.0,5.26,1.47,2.3
8.33,3.08,4.49,0.0,0.0,0.0,8.33,3.08,4.49
18.18,5.41,8.33,4.760000000000001,1.37,2.13,13.639999999999999,4.05,6.25
66.67,7.59,13.639999999999999,50.0,5.13,9.3,66.67,7.59,13.639999999999999
0.0,0.0,0.0,0.0,0.0,0.0,0.0,0.0,0.0
1.82,1.49,1.6400000000000001,0.0,0.0,0.0,1.82,1.49,1.6400000000000001
4.62,3.9,4.2299999999999995,0.0,0.0,0.0,4.62,3.9,4.2299999999999995
9.520000000000001,3.08,4.65,0.0,0.0,0.0,9.520000000000001,3.08,4.65
3.5700000000000003,1.3,1.9,0.0,0.0,0.0,3.5700000000000003,1.3,1.9
18.18,5.19,8.08,4.760000000000001,1.32,2.06,18.18,5.19,8.08
4.0,1.23,1.8900000000000001,0.0,0.0,0.0,4.0,1.23,1.8900000000000001
2.22,1.67,1.9,0.0,0.0,0.0,2.22,1.67,1.9
5.88,1.27,2.08,0.0,0.0,0.0,5.88,1.27,2.08
0.0,0.0,0.0,0.0,0.0,0.0,0.0,0.0,0.0
20.0,1.35,2.53,0.0,0.0,0.0,20.0,1.35,2.53
12.120000000000001,5.33,7.41,0.0,0.0,0.0,12.120000000000001,5.33,7.41
9.520000000000001,2.9000000000000004,4.44,5.0,1.47,2.27,9.520000000000001,2.9000000000000004,4.44
0.0,0.0,0.0,0.0,0.0,0.0,0.0,0.0,0.0
13.04,3.75,5.83,4.55,1.27,1.9800000000000002,13.04,3.75,5.83
0.0,0.0,0.0,0.0,0.0,0.0,0.0,0.0,0.0
10.0,1.5599999999999998,2.7,0.0,0.0,0.0,10.0,1.5599999999999998,2.7
15.0,4.84,7.32,5.26,1.6400000000000001,2.5,10.0,3.2300000000000004,4.88
6.67,1.23,2.08,0.0,0.0,0.0,6.67,1.23,2.08
12.5,5.08,7.23,4.35,1.72,2.4699999999999998,12.5,5.08,7.23
23.810000000000002,6.329999999999999,10.0,5.0,1.28,2.04,23.810000000000002,6.329999999999999,10.0
18.18,5.41,8.33,4.760000000000001,1.37,2.13,18.18,5.41,8.33
6.02,6.8500000000000005,6.41,3.66,4.17,3.9,6.02,6.8500000000000005,6.41
2.44,1.79,2.06,0.0,0.0,0.0,2.44,1.79,2.06
4.0,1.35,2.02,0.0,0.0,0.0,4.0,1.35,2.02
22.220000000000002,5.48,8.790000000000001,5.88,1.39,2.25,11.110000000000001,2.74,4.3999999999999995
25.0,7.140000000000001,11.110000000000001,5.26,1.4500000000000002,2.27,15.0,4.29,6.67
2.33,1.59,1.8900000000000001,0.0,0.0,0.0,2.33,1.59,1.8900000000000001
14.29,3.9,6.12,5.0,1.32,2.08,14.29,3.9,6.12
10.71,3.5700000000000003,5.36,0.0,0.0,0.0,7.140000000000001,2.3800000000000003,3.5700000000000003
7.02,5.13,5.93,0.0,0.0,0.0,7.02,5.13,5.93
0.0,0.0,0.0,0.0,0.0,0.0,0.0,0.0,0.0
0.0,0.0,0.0,0.0,0.0,0.0,0.0,0.0,0.0
1.92,1.47,1.67,0.0,0.0,0.0,1.92,1.47,1.67
0.0,0.0,0.0,0.0,0.0,0.0,0.0,0.0,0.0
5.0,3.8,4.32,0.0,0.0,0.0,3.3300000000000005,2.53,2.88
3.1199999999999997,2.4699999999999998,2.76,0.0,0.0,0.0,3.1199999999999997,2.4699999999999998,2.76
11.110000000000001,1.5599999999999998,2.74,0.0,0.0,0.0,11.110000000000001,1.5599999999999998,2.74
1.54,1.25,1.38,0.0,0.0,0.0,1.54,1.25,1.38
13.33,5.26,7.55,3.45,1.3299999999999998,1.92,10.0,3.95,5.66
8.82,9.520000000000001,9.16,2.9899999999999998,3.2300000000000004,3.1,8.82,9.520000000000001,9.16
19.23,6.8500000000000005,10.100000000000001,8.0,2.78,4.12,19.23,6.8500000000000005,10.100000000000001
0.0,0.0,0.0,0.0,0.0,0.0,0.0,0.0,0.0
13.33,4.65,6.9,6.9,2.35,3.51,13.33,4.65,6.9
0.0,0.0,0.0,0.0,0.0,0.0,0.0,0.0,0.0
22.73,5.88,9.35,19.05,4.760000000000001,7.62,22.73,5.88,9.35
2.63,1.22,1.67,0.0,0.0,0.0,2.63,1.22,1.67
0.0,0.0,0.0,0.0,0.0,0.0,0.0,0.0,0.0
0.0,0.0,0.0,0.0,0.0,0.0,0.0,0.0,0.0
11.67,9.86,10.69,1.69,1.43,1.55,11.67,9.86,10.69
0.0,0.0,0.0,0.0,0.0,0.0,0.0,0.0,0.0
15.379999999999999,6.25,8.89,8.0,3.17,4.55,11.540000000000001,4.6899999999999995,6.67
7.2700000000000005,5.13,6.02,1.8499999999999999,1.3,1.53,5.45,3.85,4.51
33.33,18.18,23.53,7.32,3.95,5.13,21.43,11.690000000000001,15.129999999999999
1.41,1.39,1.4000000000000001,0.0,0.0,0.0,1.41,1.39,1.4000000000000001
4.41,3.95,4.17,0.0,0.0,0.0,4.41,3.95,4.17
22.220000000000002,11.110000000000001,14.81,14.29,7.04,9.43,22.220000000000002,11.110000000000001,14.81
4.55,2.9000000000000004,3.54,0.0,0.0,0.0,4.55,2.9000000000000004,3.54
0.0,0.0,0.0,0.0,0.0,0.0,0.0,0.0,0.0
17.24,7.35,10.31,3.5700000000000003,1.49,2.11,13.79,5.88,8.25
20.0,4.65,7.55,5.26,1.18,1.92,20.0,4.65,7.55
25.0,11.76,16.0,16.13,7.46,10.2,21.88,10.290000000000001,14.000000000000002
2.56,1.32,1.7399999999999998,0.0,0.0,0.0,2.56,1.32,1.7399999999999998
5.56,1.25,2.04,0.0,0.0,0.0,5.56,1.25,2.04
16.669999999999998,2.67,4.6,0.0,0.0,0.0,8.33,1.3299999999999998,2.3
4.35,1.32,2.02,0.0,0.0,0.0,4.35,1.32,2.02
6.0600000000000005,2.4699999999999998,3.51,3.1199999999999997,1.25,1.79,6.0600000000000005,2.4699999999999998,3.51
0.0,0.0,0.0,0.0,0.0,0.0,0.0,0.0,0.0
0.0,0.0,0.0,0.0,0.0,0.0,0.0,0.0,0.0
6.25,1.52,2.44,0.0,0.0,0.0,6.25,1.52,2.44
2.44,1.6099999999999999,1.94,0.0,0.0,0.0,2.44,1.6099999999999999,1.94
33.33,6.17,10.42,7.140000000000001,1.25,2.13,26.669999999999998,4.9399999999999995,8.33
9.520000000000001,2.82,4.35,5.0,1.43,2.22,9.520000000000001,2.82,4.35
0.0,0.0,0.0,0.0,0.0,0.0,0.0,0.0,0.0
0.0,0.0,0.0,0.0,0.0,0.0,0.0,0.0,0.0
30.0,8.33,13.04,15.790000000000001,4.2299999999999995,6.67,20.0,5.56,8.7
23.080000000000002,4.4799999999999995,7.5,0.0,0.0,0.0,23.080000000000002,4.4799999999999995,7.5
7.8100000000000005,6.76,7.249999999999999,0.0,0.0,0.0,7.8100000000000005,6.76,7.249999999999999
18.42,9.21,12.280000000000001,5.41,2.67,3.5700000000000003,18.42,9.21,12.280000000000001
3.85,1.4500000000000002,2.11,0.0,0.0,0.0,3.85,1.4500000000000002,2.11
0.0,0.0,0.0,0.0,0.0,0.0,0.0,0.0,0.0
19.05,4.760000000000001,7.62,0.0,0.0,0.0,14.29,3.5700000000000003,5.71
2.94,1.37,1.87,0.0,0.0,0.0,2.94,1.37,1.87
12.5,4.82,6.959999999999999,3.2300000000000004,1.22,1.77,9.379999999999999,3.61,5.220000000000001
8.7,2.9000000000000004,4.35,0.0,0.0,0.0,8.7,2.9000000000000004,4.35
0.0,0.0,0.0,0.0,0.0,0.0,0.0,0.0,0.0
0.0,0.0,0.0,0.0,0.0,0.0,0.0,0.0,0.0
6.25,1.23,2.06,0.0,0.0,0.0,6.25,1.23,2.06
8.0,5.13,6.25,4.08,2.6,3.17,8.0,5.13,6.25
1.5599999999999998,1.52,1.54,0.0,0.0,0.0,1.5599999999999998,1.52,1.54
0.0,0.0,0.0,0.0,0.0,0.0,0.0,0.0,0.0
14.29,3.2300000000000004,5.26,0.0,0.0,0.0,14.29,3.2300000000000004,5.26
5.41,2.67,3.5700000000000003,2.78,1.35,1.82,5.41,2.67,3.5700000000000003
0.0,0.0,0.0,0.0,0.0,0.0,0.0,0.0,0.0
2.56,1.39,1.7999999999999998,0.0,0.0,0.0,2.56,1.39,1.7999999999999998
1.39,1.47,1.43,0.0,0.0,0.0,1.39,1.47,1.43
4.26,3.1199999999999997,3.5999999999999996,0.0,0.0,0.0,4.26,3.1199999999999997,3.5999999999999996
7.8100000000000005,5.949999999999999,6.76,6.35,4.82,5.48,7.8100000000000005,5.949999999999999,6.76
0.0,0.0,0.0,0.0,0.0,0.0,0.0,0.0,0.0
13.33,2.7,4.49,0.0,0.0,0.0,13.33,2.7,4.49
17.39,5.33,8.16,9.09,2.7,4.17,17.39,5.33,8.16
1.96,1.47,1.68,0.0,0.0,0.0,1.96,1.47,1.68
33.33,5.71,9.76,9.09,1.4500000000000002,2.5,33.33,5.71,9.76
11.899999999999999,7.140000000000001,8.93,0.0,0.0,0.0,9.520000000000001,5.71,7.140000000000001
7.140000000000001,4.55,5.56,4.88,3.08,3.7699999999999996,7.140000000000001,4.55,5.56
5.71,2.94,3.88,0.0,0.0,0.0,5.71,2.94,3.88
0.0,0.0,0.0,0.0,0.0,0.0,0.0,0.0,0.0
0.0,0.0,0.0,0.0,0.0,0.0,0.0,0.0,0.0
0.0,0.0,0.0,0.0,0.0,0.0,0.0,0.0,0.0
18.18,2.4699999999999998,4.35,0.0,0.0,0.0,18.18,2.4699999999999998,4.35
3.45,2.67,3.01,0.0,0.0,0.0,3.45,2.67,3.01
6.25,2.94,4.0,0.0,0.0,0.0,3.1199999999999997,1.47,2.0
8.16,5.13,6.3,0.0,0.0,0.0,8.16,5.13,6.3
0.0,0.0,0.0,0.0,0.0,0.0,0.0,0.0,0.0
5.0,1.3,2.06,0.0,0.0,0.0,5.0,1.3,2.06
6.25,1.39,2.27,0.0,0.0,0.0,6.25,1.39,2.27
7.6899999999999995,1.43,2.41,0.0,0.0,0.0,7.6899999999999995,1.43,2.41
0.0,0.0,0.0,0.0,0.0,0.0,0.0,0.0,0.0
16.669999999999998,5.41,8.16,0.0,0.0,0.0,12.5,4.05,6.12
0.0,0.0,0.0,0.0,0.0,0.0,0.0,0.0,0.0
1.4500000000000002,1.27,1.35,0.0,0.0,0.0,1.4500000000000002,1.27,1.35
14.63,8.57,10.81,7.5,4.35,5.5,14.63,8.57,10.81
1.43,1.37,1.4000000000000001,0.0,0.0,0.0,1.43,1.37,1.4000000000000001
23.810000000000002,6.67,10.42,10.0,2.7,4.26,19.05,5.33,8.33
12.2,6.329999999999999,8.33,5.0,2.56,3.39,9.76,5.06,6.67
5.56,1.47,2.33,0.0,0.0,0.0,5.56,1.47,2.33
0.0,0.0,0.0,0.0,0.0,0.0,0.0,0.0,0.0
0.0,0.0,0.0,0.0,0.0,0.0,0.0,0.0,0.0
4.17,2.5,3.1199999999999997,0.0,0.0,0.0,4.17,2.5,3.1199999999999997
0.0,0.0,0.0,0.0,0.0,0.0,0.0,0.0,0.0
0.0,0.0,0.0,0.0,0.0,0.0,0.0,0.0,0.0
6.25,1.3,2.15,0.0,0.0,0.0,6.25,1.3,2.15
13.459999999999999,9.33,11.020000000000001,7.84,5.41,6.4,13.459999999999999,9.33,11.020000000000001
5.56,2.6,3.54,2.86,1.32,1.7999999999999998,5.56,2.6,3.54
0.0,0.0,0.0,0.0,0.0,0.0,0.0,0.0,0.0
8.77,7.140000000000001,7.870000000000001,3.5700000000000003,2.9000000000000004,3.2,8.77,7.140000000000001,7.870000000000001
1.92,1.4500000000000002,1.6500000000000001,0.0,0.0,0.0,1.92,1.4500000000000002,1.6500000000000001
0.0,0.0,0.0,0.0,0.0,0.0,0.0,0.0,0.0
5.0,1.4500000000000002,2.25,0.0,0.0,0.0,5.0,1.4500000000000002,2.25
4.760000000000001,1.4500000000000002,2.22,0.0,0.0,0.0,4.760000000000001,1.4500000000000002,2.22
26.669999999999998,6.25,10.13,0.0,0.0,0.0,13.33,3.1199999999999997,5.06
0.0,0.0,0.0,0.0,0.0,0.0,0.0,0.0,0.0
0.0,0.0,0.0,0.0,0.0,0.0,0.0,0.0,0.0
4.35,1.22,1.9,0.0,0.0,0.0,4.35,1.22,1.9
0.0,0.0,0.0,0.0,0.0,0.0,0.0,0.0,0.0
3.85,1.7500000000000002,2.41,0.0,0.0,0.0,3.85,1.7500000000000002,2.41
3.5700000000000003,1.35,1.96,0.0,0.0,0.0,3.5700000000000003,1.35,1.96
20.0,3.95,6.59,7.140000000000001,1.3299999999999998,2.25,20.0,3.95,6.59
4.92,4.84,4.88,1.67,1.6400000000000001,1.6500000000000001,4.92,4.84,4.88
14.29,6.94,9.35,5.88,2.82,3.81,11.43,5.56,7.48
10.26,5.26,6.959999999999999,5.26,2.67,3.54,10.26,5.26,6.959999999999999
21.05,6.25,9.64,5.56,1.59,2.4699999999999998,15.790000000000001,4.6899999999999995,7.23
0.0,0.0,0.0,0.0,0.0,0.0,0.0,0.0,0.0
14.04,10.39,11.940000000000001,5.36,3.95,4.55,12.280000000000001,9.09,10.45
0.0,0.0,0.0,0.0,0.0,0.0,0.0,0.0,0.0
31.819999999999997,10.0,15.22,14.29,4.35,6.67,27.27,8.57,13.04
17.65,4.0,6.52,6.25,1.35,2.22,17.65,4.0,6.52
7.6899999999999995,1.4500000000000002,2.44,0.0,0.0,0.0,7.6899999999999995,1.4500000000000002,2.44
0.0,0.0,0.0,0.0,0.0,0.0,0.0,0.0,0.0
0.0,0.0,0.0,0.0,0.0,0.0,0.0,0.0,0.0
20.0,3.08,5.33,0.0,0.0,0.0,20.0,3.08,5.33
0.0,0.0,0.0,0.0,0.0,0.0,0.0,0.0,0.0
0.0,0.0,0.0,0.0,0.0,0.0,0.0,0.0,0.0
4.760000000000001,1.25,1.9800000000000002,0.0,0.0,0.0,4.760000000000001,1.25,1.9800000000000002
6.25,2.7,3.7699999999999996,0.0,0.0,0.0,6.25,2.7,3.7699999999999996
16.669999999999998,4.760000000000001,7.41,8.7,2.41,3.7699999999999996,12.5,3.5700000000000003,5.56
0.0,0.0,0.0,0.0,0.0,0.0,0.0,0.0,0.0
18.75,9.84,12.9,3.2300000000000004,1.67,2.1999999999999997,12.5,6.5600000000000005,8.6
11.110000000000001,5.48,7.340000000000001,2.86,1.39,1.87,11.110000000000001,5.48,7.340000000000001
25.0,4.760000000000001,8.0,9.09,1.6099999999999999,2.74,25.0,4.760000000000001,8.0
0.0,0.0,0.0,0.0,0.0,0.0,0.0,0.0,0.0
0.0,0.0,0.0,0.0,0.0,0.0,0.0,0.0,0.0
13.04,4.29,6.45,4.55,1.4500000000000002,2.1999999999999997,13.04,4.29,6.45
0.0,0.0,0.0,0.0,0.0,0.0,0.0,0.0,0.0
8.0,5.33,6.4,0.0,0.0,0.0,8.0,5.33,6.4
6.67,1.37,2.27,0.0,0.0,0.0,6.67,1.37,2.27
0.0,0.0,0.0,0.0,0.0,0.0,0.0,0.0,0.0
15.379999999999999,9.3,11.59,3.92,2.35,2.94,13.459999999999999,8.14,10.14
9.09,3.08,4.6,4.760000000000001,1.5599999999999998,2.35,9.09,3.08,4.6
22.220000000000002,5.13,8.33,5.88,1.3,2.13,16.669999999999998,3.85,6.25
0.0,0.0,0.0,0.0,0.0,0.0,0.0,0.0,0.0
0.0,0.0,0.0,0.0,0.0,0.0,0.0,0.0,0.0
0.0,0.0,0.0,0.0,0.0,0.0,0.0,0.0,0.0
0.0,0.0,0.0,0.0,0.0,0.0,0.0,0.0,0.0
16.669999999999998,5.06,7.7700000000000005,4.35,1.28,1.9800000000000002,16.669999999999998,5.06,7.7700000000000005
12.9,5.800000000000001,8.0,3.3300000000000005,1.47,2.04,12.9,5.800000000000001,8.0
2.7,1.37,1.82,0.0,0.0,0.0,2.7,1.37,1.82
7.41,2.56,3.81,0.0,0.0,0.0,7.41,2.56,3.81
15.379999999999999,3.2800000000000002,5.41,8.33,1.67,2.78,15.379999999999999,3.2800000000000002,5.41
0.0,0.0,0.0,0.0,0.0,0.0,0.0,0.0,0.0
12.5,2.7,4.44,0.0,0.0,0.0,12.5,2.7,4.44
8.0,3.39,4.760000000000001,4.17,1.72,2.44,8.0,3.39,4.760000000000001
0.0,0.0,0.0,0.0,0.0,0.0,0.0,0.0,0.0
9.520000000000001,2.74,4.26,5.0,1.39,2.17,9.520000000000001,2.74,4.26
39.39,17.810000000000002,24.529999999999998,31.25,13.889999999999999,19.23,39.39,17.810000000000002,24.529999999999998
3.0300000000000002,1.25,1.77,0.0,0.0,0.0,3.0300000000000002,1.25,1.77
3.1199999999999997,1.28,1.82,0.0,0.0,0.0,3.1199999999999997,1.28,1.82
8.33,2.56,3.92,0.0,0.0,0.0,8.33,2.56,3.92
14.29,4.109999999999999,6.38,5.0,1.39,2.17,14.29,4.109999999999999,6.38
10.0,6.67,8.0,4.08,2.7,3.25,10.0,6.67,8.0
4.760000000000001,2.74,3.4799999999999995,0.0,0.0,0.0,4.760000000000001,2.74,3.4799999999999995
9.09,3.95,5.5,0.0,0.0,0.0,9.09,3.95,5.5
0.0,0.0,0.0,0.0,0.0,0.0,0.0,0.0,0.0
5.88,5.17,5.5,4.0,3.51,3.74,5.88,5.17,5.5
0.0,0.0,0.0,0.0,0.0,0.0,0.0,0.0,0.0
0.0,0.0,0.0,0.0,0.0,0.0,0.0,0.0,0.0
19.439999999999998,9.46,12.73,5.71,2.74,3.6999999999999997,13.889999999999999,6.76,9.09
11.76,6.9,8.7,6.0600000000000005,3.51,4.44,11.76,6.9,8.7
2.78,1.47,1.92,0.0,0.0,0.0,2.78,1.47,1.92
5.88,1.41,2.27,0.0,0.0,0.0,5.88,1.41,2.27
7.140000000000001,2.94,4.17,0.0,0.0,0.0,7.140000000000001,2.94,4.17
0.0,0.0,0.0,0.0,0.0,0.0,0.0,0.0,0.0
4.17,2.94,3.45,0.0,0.0,0.0,4.17,2.94,3.45
11.110000000000001,2.74,4.3999999999999995,5.88,1.39,2.25,11.110000000000001,2.74,4.3999999999999995
0.0,0.0,0.0,0.0,0.0,0.0,0.0,0.0,0.0
2.27,1.4500000000000002,1.77,0.0,0.0,0.0,2.27,1.4500000000000002,1.77
2.78,1.4500000000000002,1.9,0.0,0.0,0.0,2.78,1.4500000000000002,1.9
4.760000000000001,2.56,3.3300000000000005,0.0,0.0,0.0,4.760000000000001,2.56,3.3300000000000005
8.7,2.67,4.08,4.55,1.35,2.08,8.7,2.67,4.08
9.09,2.74,4.21,0.0,0.0,0.0,9.09,2.74,4.21
0.0,0.0,0.0,0.0,0.0,0.0,0.0,0.0,0.0
0.0,0.0,0.0,0.0,0.0,0.0,0.0,0.0,0.0
12.5,3.95,6.0,0.0,0.0,0.0,8.33,2.63,4.0
17.65,3.61,6.0,0.0,0.0,0.0,17.65,3.61,6.0
23.810000000000002,7.04,10.870000000000001,15.0,4.29,6.67,23.810000000000002,7.04,10.870000000000001
13.04,4.35,6.52,4.55,1.47,2.22,13.04,4.35,6.52
5.0,1.3,2.06,0.0,0.0,0.0,5.0,1.3,2.06
2.78,1.69,2.11,0.0,0.0,0.0,2.78,1.69,2.11
3.0300000000000002,1.4500000000000002,1.96,0.0,0.0,0.0,3.0300000000000002,1.4500000000000002,1.96
0.0,0.0,0.0,0.0,0.0,0.0,0.0,0.0,0.0
20.0,7.9399999999999995,11.360000000000001,8.33,3.2300000000000004,4.65,20.0,7.9399999999999995,11.360000000000001
36.84,10.0,15.73,22.220000000000002,5.800000000000001,9.2,36.84,10.0,15.73
6.25,1.3299999999999998,2.1999999999999997,0.0,0.0,0.0,6.25,1.3299999999999998,2.1999999999999997
0.0,0.0,0.0,0.0,0.0,0.0,0.0,0.0,0.0
0.0,0.0,0.0,0.0,0.0,0.0,0.0,0.0,0.0
13.33,2.7,4.49,0.0,0.0,0.0,13.33,2.7,4.49
20.0,7.6899999999999995,11.110000000000001,8.33,3.1199999999999997,4.55,12.0,4.62,6.67
9.09,2.56,4.0,4.760000000000001,1.3,2.04,9.09,2.56,4.0
12.0,4.0,6.0,4.17,1.35,2.04,8.0,2.67,4.0
9.09,2.94,4.44,0.0,0.0,0.0,9.09,2.94,4.44
24.0,7.32,11.21,4.17,1.23,1.9,20.0,6.1,9.35
18.18,5.88,8.89,9.520000000000001,2.9899999999999998,4.55,18.18,5.88,8.89
1.82,1.27,1.49,0.0,0.0,0.0,1.82,1.27,1.49
10.0,5.71,7.2700000000000005,0.0,0.0,0.0,7.5,4.29,5.45
12.5,6.0600000000000005,8.16,6.45,3.08,4.17,12.5,6.0600000000000005,8.16
10.0,2.9000000000000004,4.49,5.26,1.47,2.3,10.0,2.9000000000000004,4.49
4.0,2.9899999999999998,3.42,0.0,0.0,0.0,2.0,1.49,1.71
12.5,4.4799999999999995,6.59,8.7,3.0300000000000002,4.49,12.5,4.4799999999999995,6.59
8.0,2.9000000000000004,4.26,4.17,1.47,2.17,8.0,2.9000000000000004,4.26
2.0,1.32,1.59,0.0,0.0,0.0,2.0,1.32,1.59
0.0,0.0,0.0,0.0,0.0,0.0,0.0,0.0,0.0
0.0,0.0,0.0,0.0,0.0,0.0,0.0,0.0,0.0
9.09,2.5,3.92,4.760000000000001,1.27,2.0,9.09,2.5,3.92
7.249999999999999,8.06,7.630000000000001,2.94,3.2800000000000002,3.1,7.249999999999999,8.06,7.630000000000001
2.63,1.47,1.8900000000000001,0.0,0.0,0.0,2.63,1.47,1.8900000000000001
20.830000000000002,6.94,10.42,13.04,4.2299999999999995,6.38,20.830000000000002,6.94,10.42
4.44,2.82,3.45,0.0,0.0,0.0,4.44,2.82,3.45
5.26,1.35,2.15,0.0,0.0,0.0,5.26,1.35,2.15
0.0,0.0,0.0,0.0,0.0,0.0,0.0,0.0,0.0
0.0,0.0,0.0,0.0,0.0,0.0,0.0,0.0,0.0
0.0,0.0,0.0,0.0,0.0,0.0,0.0,0.0,0.0
0.0,0.0,0.0,0.0,0.0,0.0,0.0,0.0,0.0
4.55,1.25,1.96,0.0,0.0,0.0,4.55,1.25,1.96
10.530000000000001,2.6,4.17,0.0,0.0,0.0,10.530000000000001,2.6,4.17
43.75,10.45,16.869999999999997,33.33,7.580000000000001,12.35,43.75,10.45,16.869999999999997
5.0,1.47,2.27,0.0,0.0,0.0,5.0,1.47,2.27
0.0,0.0,0.0,0.0,0.0,0.0,0.0,0.0,0.0
5.08,3.53,4.17,0.0,0.0,0.0,5.08,3.53,4.17
10.0,2.86,4.44,5.26,1.4500000000000002,2.27,10.0,2.86,4.44
0.0,0.0,0.0,0.0,0.0,0.0,0.0,0.0,0.0
61.29,24.68,35.19,53.33,21.05,30.19,38.71,15.58,22.220000000000002
8.7,2.9000000000000004,4.35,0.0,0.0,0.0,8.7,2.9000000000000004,4.35
0.0,0.0,0.0,0.0,0.0,0.0,0.0,0.0,0.0
3.1199999999999997,2.94,3.0300000000000002,0.0,0.0,0.0,3.1199999999999997,2.94,3.0300000000000002
19.23,6.58,9.8,8.0,2.67,4.0,11.540000000000001,3.95,5.88
36.36,10.67,16.49,19.05,5.41,8.42,31.819999999999997,9.33,14.430000000000001
2.7,1.23,1.69,0.0,0.0,0.0,2.7,1.23,1.69
14.29,5.19,7.62,0.0,0.0,0.0,7.140000000000001,2.6,3.81
3.2300000000000004,2.7,2.94,1.6400000000000001,1.37,1.49,3.2300000000000004,2.7,2.94
11.540000000000001,4.17,6.12,4.0,1.41,2.08,11.540000000000001,4.17,6.12
15.379999999999999,2.9000000000000004,4.88,0.0,0.0,0.0,7.6899999999999995,1.4500000000000002,2.44
25.0,12.86,16.98,8.57,4.35,5.7700000000000005,19.439999999999998,10.0,13.209999999999999
0.0,0.0,0.0,0.0,0.0,0.0,0.0,0.0,0.0
33.33,9.09,14.29,13.04,3.45,5.45,25.0,6.819999999999999,10.71
0.0,0.0,0.0,0.0,0.0,0.0,0.0,0.0,0.0
13.639999999999999,3.85,6.0,9.520000000000001,2.6,4.08,13.639999999999999,3.85,6.0
2.0,1.3299999999999998,1.6,0.0,0.0,0.0,2.0,1.3299999999999998,1.6
15.379999999999999,5.19,7.7700000000000005,8.0,2.63,3.9600000000000004,15.379999999999999,5.19,7.7700000000000005
8.0,2.63,3.9600000000000004,4.17,1.3299999999999998,2.02,8.0,2.63,3.9600000000000004
0.0,0.0,0.0,0.0,0.0,0.0,0.0,0.0,0.0
34.48,12.049999999999999,17.86,21.43,7.32,10.91,34.48,12.049999999999999,17.86
5.45,3.8,4.4799999999999995,3.6999999999999997,2.56,3.0300000000000002,5.45,3.8,4.4799999999999995
11.110000000000001,1.47,2.6,0.0,0.0,0.0,11.110000000000001,1.47,2.6
3.0300000000000002,1.3299999999999998,1.8499999999999999,0.0,0.0,0.0,3.0300000000000002,1.3299999999999998,1.8499999999999999
0.0,0.0,0.0,0.0,0.0,0.0,0.0,0.0,0.0
25.0,1.3,2.4699999999999998,0.0,0.0,0.0,25.0,1.3,2.4699999999999998
20.830000000000002,7.8100000000000005,11.360000000000001,13.04,4.760000000000001,6.98,20.830000000000002,7.8100000000000005,11.360000000000001
6.9,2.41,3.5700000000000003,3.5700000000000003,1.22,1.82,6.9,2.41,3.5700000000000003
0.0,0.0,0.0,0.0,0.0,0.0,0.0,0.0,0.0
12.5,4.41,6.52,4.35,1.49,2.22,12.5,4.41,6.52
0.0,0.0,0.0,0.0,0.0,0.0,0.0,0.0,0.0
8.33,3.2300000000000004,4.65,4.35,1.6400000000000001,2.3800000000000003,8.33,3.2300000000000004,4.65
1.92,1.39,1.6099999999999999,0.0,0.0,0.0,1.92,1.39,1.6099999999999999
3.0300000000000002,1.3,1.82,0.0,0.0,0.0,3.0300000000000002,1.3,1.82
11.76,4.9399999999999995,6.959999999999999,6.0600000000000005,2.5,3.54,11.76,4.9399999999999995,6.959999999999999
0.0,0.0,0.0,0.0,0.0,0.0,0.0,0.0,0.0
0.0,0.0,0.0,0.0,0.0,0.0,0.0,0.0,0.0
3.92,2.4699999999999998,3.0300000000000002,0.0,0.0,0.0,3.92,2.4699999999999998,3.0300000000000002
7.41,2.94,4.21,0.0,0.0,0.0,7.41,2.94,4.21
18.18,6.35,9.41,4.760000000000001,1.6099999999999999,2.41,13.639999999999999,4.760000000000001,7.06
12.0,4.0,6.0,0.0,0.0,0.0,12.0,4.0,6.0
4.0,1.43,2.11,0.0,0.0,0.0,4.0,1.43,2.11
0.0,0.0,0.0,0.0,0.0,0.0,0.0,0.0,0.0
13.33,2.5,4.21,7.140000000000001,1.27,2.15,13.33,2.5,4.21
0.0,0.0,0.0,0.0,0.0,0.0,0.0,0.0,0.0
13.33,2.63,4.3999999999999995,0.0,0.0,0.0,6.67,1.32,2.1999999999999997
0.0,0.0,0.0,0.0,0.0,0.0,0.0,0.0,0.0
13.639999999999999,3.3300000000000005,5.36,4.760000000000001,1.1199999999999999,1.82,13.639999999999999,3.3300000000000005,5.36
6.67,5.0,5.71,0.0,0.0,0.0,6.67,5.0,5.71
0.0,0.0,0.0,0.0,0.0,0.0,0.0,0.0,0.0
25.0,6.25,10.0,21.05,5.06,8.16,25.0,6.25,10.0
0.0,0.0,0.0,0.0,0.0,0.0,0.0,0.0,0.0
10.0,4.4799999999999995,6.1899999999999995,3.45,1.52,2.11,10.0,4.4799999999999995,6.1899999999999995
8.82,8.7,8.76,1.49,1.47,1.48,8.82,8.7,8.76
10.0,2.5,4.0,5.26,1.27,2.04,10.0,2.5,4.0
5.13,2.7,3.54,0.0,0.0,0.0,5.13,2.7,3.54
15.0,7.79,10.26,2.56,1.32,1.7399999999999998,15.0,7.79,10.26
21.05,5.33,8.51,5.56,1.35,2.17,21.05,5.33,8.51
4.760000000000001,1.43,2.1999999999999997,0.0,0.0,0.0,4.760000000000001,1.43,2.1999999999999997
4.17,1.5599999999999998,2.27,0.0,0.0,0.0,4.17,1.5599999999999998,2.27
3.5700000000000003,1.2,1.7999999999999998,0.0,0.0,0.0,3.5700000000000003,1.2,1.7999999999999998
0.0,0.0,0.0,0.0,0.0,0.0,0.0,0.0,0.0
4.0,1.43,2.11,0.0,0.0,0.0,4.0,1.43,2.11
4.760000000000001,3.66,4.14,3.2300000000000004,2.4699999999999998,2.8000000000000003,4.760000000000001,3.66,4.14
11.76,2.63,4.3,0.0,0.0,0.0,11.76,2.63,4.3
4.0,1.35,2.02,0.0,0.0,0.0,4.0,1.35,2.02
0.0,0.0,0.0,0.0,0.0,0.0,0.0,0.0,0.0
26.32,6.8500000000000005,10.870000000000001,16.669999999999998,4.17,6.67,26.32,6.8500000000000005,10.870000000000001
0.0,0.0,0.0,0.0,0.0,0.0,0.0,0.0,0.0
8.06,6.94,7.46,1.6400000000000001,1.41,1.52,8.06,6.94,7.46
14.29,2.67,4.49,0.0,0.0,0.0,14.29,2.67,4.49
2.22,1.39,1.71,0.0,0.0,0.0,2.22,1.39,1.71
10.71,4.0,5.83,3.6999999999999997,1.35,1.9800000000000002,10.71,4.0,5.83
27.27,7.6899999999999995,12.0,0.0,0.0,0.0,13.639999999999999,3.85,6.0
0.0,0.0,0.0,0.0,0.0,0.0,0.0,0.0,0.0
9.3,5.71,7.08,2.3800000000000003,1.4500000000000002,1.7999999999999998,6.98,4.29,5.3100000000000005
0.0,0.0,0.0,0.0,0.0,0.0,0.0,0.0,0.0
25.0,2.9000000000000004,5.19,14.29,1.47,2.67,25.0,2.9000000000000004,5.19
18.18,2.67,4.65,10.0,1.35,2.3800000000000003,18.18,2.67,4.65
8.89,5.56,6.84,2.27,1.41,1.7399999999999998,8.89,5.56,6.84
11.360000000000001,6.25,8.06,2.33,1.27,1.6400000000000001,9.09,5.0,6.45
7.140000000000001,5.33,6.11,3.64,2.7,3.1,7.140000000000001,5.33,6.11
8.82,8.110000000000001,8.450000000000001,0.0,0.0,0.0,5.88,5.41,5.63
0.0,0.0,0.0,0.0,0.0,0.0,0.0,0.0,0.0
10.639999999999999,6.76,8.260000000000002,0.0,0.0,0.0,8.51,5.41,6.61
0.0,0.0,0.0,0.0,0.0,0.0,0.0,0.0,0.0
1.59,1.3299999999999998,1.4500000000000002,0.0,0.0,0.0,1.59,1.3299999999999998,1.4500000000000002
5.7700000000000005,3.9,4.65,3.92,2.63,3.15,5.7700000000000005,3.9,4.65
2.5,1.35,1.7500000000000002,0.0,0.0,0.0,2.5,1.35,1.7500000000000002
0.0,0.0,0.0,0.0,0.0,0.0,0.0,0.0,0.0
3.0300000000000002,1.41,1.92,0.0,0.0,0.0,3.0300000000000002,1.41,1.92
3.0300000000000002,1.32,1.83,0.0,0.0,0.0,3.0300000000000002,1.32,1.83
5.71,5.26,5.48,0.0,0.0,0.0,5.71,5.26,5.48
30.43,8.97,13.86,18.18,5.19,8.08,30.43,8.97,13.86
1.39,1.54,1.46,0.0,0.0,0.0,1.39,1.54,1.46
22.58,11.29,15.049999999999999,3.3300000000000005,1.6400000000000001,2.1999999999999997,19.35,9.68,12.9
2.44,1.4500000000000002,1.82,0.0,0.0,0.0,2.44,1.4500000000000002,1.82
0.0,0.0,0.0,0.0,0.0,0.0,0.0,0.0,0.0
0.0,0.0,0.0,0.0,0.0,0.0,0.0,0.0,0.0
12.5,4.9399999999999995,7.08,6.45,2.5,3.5999999999999996,9.379999999999999,3.6999999999999997,5.3100000000000005
6.12,4.29,5.04,0.0,0.0,0.0,6.12,4.29,5.04
0.0,0.0,0.0,0.0,0.0,0.0,0.0,0.0,0.0
6.49,6.41,6.45,0.0,0.0,0.0,5.19,5.13,5.16
0.0,0.0,0.0,0.0,0.0,0.0,0.0,0.0,0.0
5.56,1.15,1.9,0.0,0.0,0.0,5.56,1.15,1.9
15.790000000000001,4.55,7.06,11.110000000000001,3.08,4.82,15.790000000000001,4.55,7.06
1.92,1.37,1.6,0.0,0.0,0.0,1.92,1.37,1.6
0.0,0.0,0.0,0.0,0.0,0.0,0.0,0.0,0.0
7.140000000000001,2.44,3.64,0.0,0.0,0.0,7.140000000000001,2.44,3.64
20.59,8.24,11.76,9.09,3.5700000000000003,5.13,14.71,5.88,8.4
0.0,0.0,0.0,0.0,0.0,0.0,0.0,0.0,0.0
0.0,0.0,0.0,0.0,0.0,0.0,0.0,0.0,0.0
0.0,0.0,0.0,0.0,0.0,0.0,0.0,0.0,0.0
9.379999999999999,3.61,5.220000000000001,0.0,0.0,0.0,6.25,2.41,3.4799999999999995
3.6999999999999997,2.78,3.17,0.0,0.0,0.0,3.6999999999999997,2.78,3.17
9.09,2.9000000000000004,4.3999999999999995,0.0,0.0,0.0,9.09,2.9000000000000004,4.3999999999999995
25.0,7.79,11.88,8.7,2.63,4.04,16.669999999999998,5.19,7.920000000000001
0.0,0.0,0.0,0.0,0.0,0.0,0.0,0.0,0.0
12.5,6.49,8.55,0.0,0.0,0.0,12.5,6.49,8.55
0.0,0.0,0.0,0.0,0.0,0.0,0.0,0.0,0.0
10.530000000000001,2.67,4.26,0.0,0.0,0.0,10.530000000000001,2.67,4.26
15.620000000000001,7.04,9.71,6.45,2.86,3.9600000000000004,12.5,5.63,7.7700000000000005
3.5700000000000003,3.08,3.3099999999999996,0.0,0.0,0.0,1.79,1.54,1.6500000000000001
4.17,1.2,1.87,0.0,0.0,0.0,4.17,1.2,1.87
0.0,0.0,0.0,0.0,0.0,0.0,0.0,0.0,0.0
11.76,2.94,4.71,0.0,0.0,0.0,5.88,1.47,2.35
6.25,2.67,3.74,0.0,0.0,0.0,6.25,2.67,3.74
9.520000000000001,5.48,6.959999999999999,7.32,4.17,5.3100000000000005,9.520000000000001,5.48,6.959999999999999
4.55,2.82,3.4799999999999995,0.0,0.0,0.0,4.55,2.82,3.4799999999999995
2.41,2.63,2.52,0.0,0.0,0.0,2.41,2.63,2.52
1.8499999999999999,1.49,1.6500000000000001,0.0,0.0,0.0,1.8499999999999999,1.49,1.6500000000000001
2.3800000000000003,1.39,1.7500000000000002,0.0,0.0,0.0,2.3800000000000003,1.39,1.7500000000000002
13.33,2.6,4.35,7.140000000000001,1.32,2.22,13.33,2.6,4.35
5.26,1.47,2.3,0.0,0.0,0.0,5.26,1.47,2.3
21.05,5.800000000000001,9.09,11.110000000000001,2.94,4.65,21.05,5.800000000000001,9.09
0.0,0.0,0.0,0.0,0.0,0.0,0.0,0.0,0.0
5.71,2.9000000000000004,3.85,2.94,1.47,1.96,5.71,2.9000000000000004,3.85
10.91,8.450000000000001,9.520000000000001,5.56,4.29,4.84,10.91,8.450000000000001,9.520000000000001
10.71,4.4799999999999995,6.32,0.0,0.0,0.0,7.140000000000001,2.9899999999999998,4.21
10.0,1.3,2.3,0.0,0.0,0.0,10.0,1.3,2.3
18.6,9.64,12.7,9.520000000000001,4.88,6.45,13.950000000000001,7.23,9.520000000000001
15.0,4.4799999999999995,6.9,5.26,1.52,2.35,10.0,2.9899999999999998,4.6
1.82,1.39,1.5699999999999998,0.0,0.0,0.0,1.82,1.39,1.5699999999999998
9.09,2.74,4.21,4.760000000000001,1.39,2.15,9.09,2.74,4.21
0.0,0.0,0.0,0.0,0.0,0.0,0.0,0.0,0.0
2.94,1.3,1.7999999999999998,0.0,0.0,0.0,2.94,1.3,1.7999999999999998
17.86,7.6899999999999995,10.75,7.41,3.1199999999999997,4.3999999999999995,17.86,7.6899999999999995,10.75
0.0,0.0,0.0,0.0,0.0,0.0,0.0,0.0,0.0
2.94,1.35,1.8499999999999999,0.0,0.0,0.0,2.94,1.35,1.8499999999999999
0.0,0.0,0.0,0.0,0.0,0.0,0.0,0.0,0.0
13.79,5.88,8.25,3.5700000000000003,1.49,2.11,13.79,5.88,8.25
0.0,0.0,0.0,0.0,0.0,0.0,0.0,0.0,0.0
21.05,6.0600000000000005,9.41,11.110000000000001,3.08,4.82,21.05,6.0600000000000005,9.41
5.13,2.78,3.5999999999999996,0.0,0.0,0.0,2.56,1.39,1.7999999999999998
18.18,2.9899999999999998,5.13,10.0,1.52,2.63,18.18,2.9899999999999998,5.13
0.0,0.0,0.0,0.0,0.0,0.0,0.0,0.0,0.0
10.42,7.249999999999999,8.55,0.0,0.0,0.0,6.25,4.35,5.13
14.29,3.6999999999999997,5.88,10.0,2.5,4.0,14.29,3.6999999999999997,5.88
2.82,2.78,2.8000000000000003,0.0,0.0,0.0,2.82,2.78,2.8000000000000003
0.0,0.0,0.0,0.0,0.0,0.0,0.0,0.0,0.0
0.0,0.0,0.0,0.0,0.0,0.0,0.0,0.0,0.0
7.55,5.19,6.15,1.92,1.32,1.5599999999999998,5.66,3.9,4.62
4.0,1.41,2.08,0.0,0.0,0.0,4.0,1.41,2.08
0.0,0.0,0.0,0.0,0.0,0.0,0.0,0.0,0.0
4.17,1.35,2.04,0.0,0.0,0.0,4.17,1.35,2.04
0.0,0.0,0.0,0.0,0.0,0.0,0.0,0.0,0.0
5.26,1.39,2.1999999999999997,0.0,0.0,0.0,5.26,1.39,2.1999999999999997
20.0,7.06,10.43,3.45,1.1900000000000002,1.77,13.33,4.71,6.959999999999999
3.0300000000000002,1.5599999999999998,2.06,0.0,0.0,0.0,3.0300000000000002,1.5599999999999998,2.06
0.0,0.0,0.0,0.0,0.0,0.0,0.0,0.0,0.0
0.0,0.0,0.0,0.0,0.0,0.0,0.0,0.0,0.0
0.0,0.0,0.0,0.0,0.0,0.0,0.0,0.0,0.0
0.0,0.0,0.0,0.0,0.0,0.0,0.0,0.0,0.0
22.220000000000002,5.33,8.6,0.0,0.0,0.0,16.669999999999998,4.0,6.45
0.0,0.0,0.0,0.0,0.0,0.0,0.0,0.0,0.0
5.88,1.2,2.0,0.0,0.0,0.0,5.88,1.2,2.0
2.56,1.2,1.6400000000000001,0.0,0.0,0.0,2.56,1.2,1.6400000000000001
9.09,2.4699999999999998,3.88,0.0,0.0,0.0,9.09,2.4699999999999998,3.88
4.62,3.66,4.08,0.0,0.0,0.0,4.62,3.66,4.08
11.110000000000001,3.8,5.66,3.85,1.28,1.92,7.41,2.53,3.7699999999999996
6.67,1.37,2.27,0.0,0.0,0.0,6.67,1.37,2.27
3.6999999999999997,1.3,1.92,0.0,0.0,0.0,3.6999999999999997,1.3,1.92
0.0,0.0,0.0,0.0,0.0,0.0,0.0,0.0,0.0
6.9,5.33,6.02,0.0,0.0,0.0,6.9,5.33,6.02
8.33,4.71,6.02,2.13,1.1900000000000002,1.53,8.33,4.71,6.02
23.810000000000002,19.48,21.43,19.35,15.790000000000001,17.39,20.630000000000003,16.88,18.57
0.0,0.0,0.0,0.0,0.0,0.0,0.0,0.0,0.0
27.27,8.57,13.04,9.520000000000001,2.9000000000000004,4.44,22.73,7.140000000000001,10.870000000000001
2.0,1.52,1.72,0.0,0.0,0.0,2.0,1.52,1.72
0.0,0.0,0.0,0.0,0.0,0.0,0.0,0.0,0.0
0.0,0.0,0.0,0.0,0.0,0.0,0.0,0.0,0.0
7.6899999999999995,3.85,5.13,2.63,1.3,1.7399999999999998,7.6899999999999995,3.85,5.13
7.5,4.4799999999999995,5.609999999999999,2.56,1.52,1.9,5.0,2.9899999999999998,3.74
0.0,0.0,0.0,0.0,0.0,0.0,0.0,0.0,0.0
21.43,7.5,11.110000000000001,7.41,2.53,3.7699999999999996,17.86,6.25,9.26
2.63,1.28,1.72,0.0,0.0,0.0,2.63,1.28,1.72
5.45,3.66,4.38,0.0,0.0,0.0,5.45,3.66,4.38
6.0600000000000005,2.9000000000000004,3.92,3.1199999999999997,1.47,2.0,6.0600000000000005,2.9000000000000004,3.92
0.0,0.0,0.0,0.0,0.0,0.0,0.0,0.0,0.0
0.0,0.0,0.0,0.0,0.0,0.0,0.0,0.0,0.0
12.9,4.88,7.08,6.67,2.4699999999999998,3.5999999999999996,12.9,4.88,7.08
5.08,3.8,4.35,3.45,2.56,2.94,5.08,3.8,4.35
0.0,0.0,0.0,0.0,0.0,0.0,0.0,0.0,0.0
15.0,3.95,6.25,10.530000000000001,2.67,4.26,15.0,3.95,6.25
23.53,9.76,13.79,6.0600000000000005,2.4699999999999998,3.51,23.53,9.76,13.79
0.0,0.0,0.0,0.0,0.0,0.0,0.0,0.0,0.0
0.0,0.0,0.0,0.0,0.0,0.0,0.0,0.0,0.0
3.1199999999999997,2.5,2.78,0.0,0.0,0.0,3.1199999999999997,2.5,2.78
0.0,0.0,0.0,0.0,0.0,0.0,0.0,0.0,0.0
4.760000000000001,2.9000000000000004,3.5999999999999996,0.0,0.0,0.0,4.760000000000001,2.9000000000000004,3.5999999999999996
2.7,1.52,1.94,0.0,0.0,0.0,2.7,1.52,1.94
0.0,0.0,0.0,0.0,0.0,0.0,0.0,0.0,0.0
3.45,1.52,2.11,0.0,0.0,0.0,3.45,1.52,2.11
0.0,0.0,0.0,0.0,0.0,0.0,0.0,0.0,0.0
4.08,2.22,2.88,0.0,0.0,0.0,4.08,2.22,2.88
7.41,2.67,3.92,0.0,0.0,0.0,7.41,2.67,3.92
7.6899999999999995,3.53,4.84,2.63,1.1900000000000002,1.6400000000000001,7.6899999999999995,3.53,4.84
5.0,1.35,2.13,0.0,0.0,0.0,5.0,1.35,2.13
0.0,0.0,0.0,0.0,0.0,0.0,0.0,0.0,0.0
3.0300000000000002,1.28,1.7999999999999998,0.0,0.0,0.0,3.0300000000000002,1.28,1.7999999999999998
2.13,1.3299999999999998,1.6400000000000001,0.0,0.0,0.0,2.13,1.3299999999999998,1.6400000000000001
16.669999999999998,5.88,8.7,6.9,2.3800000000000003,3.54,16.669999999999998,5.88,8.7
0.0,0.0,0.0,0.0,0.0,0.0,0.0,0.0,0.0
0.0,0.0,0.0,0.0,0.0,0.0,0.0,0.0,0.0
0.0,0.0,0.0,0.0,0.0,0.0,0.0,0.0,0.0
0.0,0.0,0.0,0.0,0.0,0.0,0.0,0.0,0.0
3.85,1.6400000000000001,2.3,0.0,0.0,0.0,3.85,1.6400000000000001,2.3
17.39,10.13,12.8,4.44,2.56,3.25,13.04,7.59,9.6
12.0,7.89,9.520000000000001,2.04,1.3299999999999998,1.6099999999999999,6.0,3.95,4.760000000000001
9.68,4.2299999999999995,5.88,0.0,0.0,0.0,6.45,2.82,3.92
7.140000000000001,4.29,5.36,2.44,1.4500000000000002,1.82,7.140000000000001,4.29,5.36
31.819999999999997,9.21,14.29,14.29,4.0,6.25,22.73,6.58,10.2
2.17,1.37,1.68,0.0,0.0,0.0,2.17,1.37,1.68
11.43,6.15,8.0,2.94,1.5599999999999998,2.04,11.43,6.15,8.0
3.85,1.54,2.1999999999999997,0.0,0.0,0.0,3.85,1.54,2.1999999999999997
11.110000000000001,4.2299999999999995,6.12,3.85,1.43,2.08,7.41,2.82,4.08
0.0,0.0,0.0,0.0,0.0,0.0,0.0,0.0,0.0
9.43,6.67,7.8100000000000005,1.92,1.35,1.59,7.55,5.33,6.25
0.0,0.0,0.0,0.0,0.0,0.0,0.0,0.0,0.0
0.0,0.0,0.0,0.0,0.0,0.0,0.0,0.0,0.0
7.6899999999999995,1.3299999999999998,2.27,0.0,0.0,0.0,7.6899999999999995,1.3299999999999998,2.27
6.35,4.71,5.41,3.2300000000000004,2.3800000000000003,2.74,4.760000000000001,3.53,4.05
9.76,5.26,6.84,5.0,2.67,3.4799999999999995,9.76,5.26,6.84
15.379999999999999,2.82,4.760000000000001,0.0,0.0,0.0,15.379999999999999,2.82,4.760000000000001
5.26,2.67,3.54,0.0,0.0,0.0,5.26,2.67,3.54
2.78,1.3,1.77,0.0,0.0,0.0,2.78,1.3,1.77
14.29,5.970000000000001,8.42,7.41,3.0300000000000002,4.3,14.29,5.970000000000001,8.42
11.110000000000001,4.109999999999999,6.0,7.6899999999999995,2.78,4.08,11.110000000000001,4.109999999999999,6.0
8.82,3.8,5.3100000000000005,6.0600000000000005,2.56,3.5999999999999996,8.82,3.8,5.3100000000000005
1.67,1.35,1.49,0.0,0.0,0.0,1.67,1.35,1.49
13.73,10.77,12.07,8.0,6.25,7.02,13.73,10.77,12.07
0.0,0.0,0.0,0.0,0.0,0.0,0.0,0.0,0.0
23.53,6.25,9.879999999999999,6.25,1.59,2.53,17.65,4.6899999999999995,7.41
9.62,6.94,8.06,3.92,2.82,3.2800000000000002,7.6899999999999995,5.56,6.45
0.0,0.0,0.0,0.0,0.0,0.0,0.0,0.0,0.0
0.0,0.0,0.0,0.0,0.0,0.0,0.0,0.0,0.0
0.0,0.0,0.0,0.0,0.0,0.0,0.0,0.0,0.0
4.760000000000001,1.59,2.3800000000000003,0.0,0.0,0.0,4.760000000000001,1.59,2.3800000000000003
21.05,6.35,9.76,16.669999999999998,4.84,7.5,21.05,6.35,9.76
10.530000000000001,4.65,6.45,2.7,1.18,1.6400000000000001,5.26,2.33,3.2300000000000004
0.0,0.0,0.0,0.0,0.0,0.0,0.0,0.0,0.0
0.0,0.0,0.0,0.0,0.0,0.0,0.0,0.0,0.0
8.33,4.2299999999999995,5.609999999999999,2.86,1.43,1.9,8.33,4.2299999999999995,5.609999999999999
11.29,10.290000000000001,10.77,3.2800000000000002,2.9899999999999998,3.1199999999999997,9.68,8.82,9.229999999999999
4.0,1.3,1.96,0.0,0.0,0.0,4.0,1.3,1.96
37.5,9.84,15.58,6.67,1.67,2.67,18.75,4.92,7.79
0.0,0.0,0.0,0.0,0.0,0.0,0.0,0.0,0.0
0.0,0.0,0.0,0.0,0.0,0.0,0.0,0.0,0.0
7.6899999999999995,5.19,6.2,1.96,1.32,1.5699999999999998,7.6899999999999995,5.19,6.2
0.0,0.0,0.0,0.0,0.0,0.0,0.0,0.0,0.0
0.0,0.0,0.0,0.0,0.0,0.0,0.0,0.0,0.0
1.96,1.35,1.6,0.0,0.0,0.0,1.96,1.35,1.6
4.55,2.56,3.2800000000000002,0.0,0.0,0.0,4.55,2.56,3.2800000000000002
18.18,8.33,11.43,9.379999999999999,4.2299999999999995,5.83,18.18,8.33,11.43
26.19,14.469999999999999,18.64,14.63,8.0,10.34,23.810000000000002,13.16,16.950000000000003
0.0,0.0,0.0,0.0,0.0,0.0,0.0,0.0,0.0
5.56,1.2,1.9800000000000002,0.0,0.0,0.0,5.56,1.2,1.9800000000000002
0.0,0.0,0.0,0.0,0.0,0.0,0.0,0.0,0.0
8.33,1.41,2.41,0.0,0.0,0.0,8.33,1.41,2.41
2.78,1.32,1.79,0.0,0.0,0.0,2.78,1.32,1.79
0.0,0.0,0.0,0.0,0.0,0.0,0.0,0.0,0.0
9.520000000000001,2.33,3.74,0.0,0.0,0.0,9.520000000000001,2.33,3.74
7.140000000000001,2.33,3.51,0.0,0.0,0.0,3.5700000000000003,1.16,1.7500000000000002
17.39,6.67,9.64,9.09,3.39,4.9399999999999995,17.39,6.67,9.64
1.79,1.23,1.46,0.0,0.0,0.0,1.79,1.23,1.46
0.0,0.0,0.0,0.0,0.0,0.0,0.0,0.0,0.0
10.530000000000001,5.56,7.2700000000000005,0.0,0.0,0.0,10.530000000000001,5.56,7.2700000000000005
0.0,0.0,0.0,0.0,0.0,0.0,0.0,0.0,0.0
8.7,2.78,4.21,4.55,1.41,2.15,8.7,2.78,4.21
0.0,0.0,0.0,0.0,0.0,0.0,0.0,0.0,0.0
5.45,3.37,4.17,0.0,0.0,0.0,3.64,2.25,2.78
10.0,2.53,4.04,0.0,0.0,0.0,5.0,1.27,2.02
18.18,2.56,4.49,10.0,1.3,2.3,18.18,2.56,4.49
11.43,4.71,6.67,0.0,0.0,0.0,8.57,3.53,5.0
0.0,0.0,0.0,0.0,0.0,0.0,0.0,0.0,0.0
14.29,2.74,4.6,7.6899999999999995,1.39,2.35,14.29,2.74,4.6
8.57,4.17,5.609999999999999,0.0,0.0,0.0,8.57,4.17,5.609999999999999
0.0,0.0,0.0,0.0,0.0,0.0,0.0,0.0,0.0
0.0,0.0,0.0,0.0,0.0,0.0,0.0,0.0,0.0
5.48,5.0,5.2299999999999995,0.0,0.0,0.0,5.48,5.0,5.2299999999999995
11.43,4.82,6.78,2.94,1.22,1.72,11.43,4.82,6.78
4.0,1.18,1.82,0.0,0.0,0.0,4.0,1.18,1.82
1.54,1.3,1.41,0.0,0.0,0.0,1.54,1.3,1.41
5.0,3.37,4.03,1.69,1.1400000000000001,1.3599999999999999,5.0,3.37,4.03
7.140000000000001,1.49,2.4699999999999998,0.0,0.0,0.0,7.140000000000001,1.49,2.4699999999999998
5.56,2.9899999999999998,3.88,0.0,0.0,0.0,5.56,2.9899999999999998,3.88
0.0,0.0,0.0,0.0,0.0,0.0,0.0,0.0,0.0
9.520000000000001,2.7,4.21,5.0,1.37,2.15,9.520000000000001,2.7,4.21
0.0,0.0,0.0,0.0,0.0,0.0,0.0,0.0,0.0
6.67,4.0,5.0,4.55,2.7,3.39,6.67,4.0,5.0
33.33,6.35,10.67,18.18,3.2300000000000004,5.48,33.33,6.35,10.67
0.0,0.0,0.0,0.0,0.0,0.0,0.0,0.0,0.0
2.22,1.49,1.79,0.0,0.0,0.0,2.22,1.49,1.79
0.0,0.0,0.0,0.0,0.0,0.0,0.0,0.0,0.0
7.84,5.56,6.5,4.0,2.82,3.3099999999999996,7.84,5.56,6.5
0.0,0.0,0.0,0.0,0.0,0.0,0.0,0.0,0.0
10.34,8.219999999999999,9.16,3.51,2.78,3.1,10.34,8.219999999999999,9.16
4.65,3.0300000000000002,3.6700000000000004,2.3800000000000003,1.54,1.87,4.65,3.0300000000000002,3.6700000000000004
7.140000000000001,1.15,1.9800000000000002,0.0,0.0,0.0,7.140000000000001,1.15,1.9800000000000002
0.0,0.0,0.0,0.0,0.0,0.0,0.0,0.0,0.0
4.55,4.2299999999999995,4.38,1.54,1.43,1.48,4.55,4.2299999999999995,4.38
2.86,1.3,1.79,0.0,0.0,0.0,2.86,1.3,1.79
0.0,0.0,0.0,0.0,0.0,0.0,0.0,0.0,0.0
0.0,0.0,0.0,0.0,0.0,0.0,0.0,0.0,0.0
6.9,2.44,3.5999999999999996,0.0,0.0,0.0,6.9,2.44,3.5999999999999996
3.64,3.39,3.51,0.0,0.0,0.0,3.64,3.39,3.51
18.18,3.1199999999999997,5.33,10.0,1.59,2.74,18.18,3.1199999999999997,5.33
8.77,6.41,7.41,3.5700000000000003,2.6,3.01,8.77,6.41,7.41
0.0,0.0,0.0,0.0,0.0,0.0,0.0,0.0,0.0
8.7,2.74,4.17,4.55,1.39,2.13,8.7,2.74,4.17
5.41,3.0300000000000002,3.88,0.0,0.0,0.0,5.41,3.0300000000000002,3.88
8.0,2.78,4.12,0.0,0.0,0.0,8.0,2.78,4.12
0.0,0.0,0.0,0.0,0.0,0.0,0.0,0.0,0.0
21.43,4.35,7.23,7.6899999999999995,1.47,2.4699999999999998,21.43,4.35,7.23
5.56,1.2,1.9800000000000002,0.0,0.0,0.0,5.56,1.2,1.9800000000000002
20.0,6.45,9.76,5.26,1.6400000000000001,2.5,15.0,4.84,7.32
4.35,3.51,3.88,0.0,0.0,0.0,4.35,3.51,3.88
3.6999999999999997,1.37,2.0,0.0,0.0,0.0,3.6999999999999997,1.37,2.0
12.0,3.8,5.7700000000000005,8.33,2.56,3.92,12.0,3.8,5.7700000000000005
8.62,6.25,7.249999999999999,0.0,0.0,0.0,6.9,5.0,5.800000000000001
3.39,2.78,3.05,1.72,1.41,1.55,3.39,2.78,3.05
2.04,1.52,1.7399999999999998,0.0,0.0,0.0,2.04,1.52,1.7399999999999998
2.94,1.41,1.9,0.0,0.0,0.0,2.94,1.41,1.9
4.92,4.41,4.65,0.0,0.0,0.0,4.92,4.41,4.65
19.05,5.41,8.42,10.0,2.74,4.3,19.05,5.41,8.42
6.25,2.74,3.81,3.2300000000000004,1.39,1.94,6.25,2.74,3.81
3.0300000000000002,1.43,1.94,0.0,0.0,0.0,3.0300000000000002,1.43,1.94
0.0,0.0,0.0,0.0,0.0,0.0,0.0,0.0,0.0
3.2300000000000004,1.39,1.94,0.0,0.0,0.0,3.2300000000000004,1.39,1.94
0.0,0.0,0.0,0.0,0.0,0.0,0.0,0.0,0.0
0.0,0.0,0.0,0.0,0.0,0.0,0.0,0.0,0.0
8.82,4.0,5.5,6.0600000000000005,2.7,3.74,8.82,4.0,5.5
0.0,0.0,0.0,0.0,0.0,0.0,0.0,0.0,0.0
11.110000000000001,2.63,4.26,5.88,1.3299999999999998,2.17,11.110000000000001,2.63,4.26
0.0,0.0,0.0,0.0,0.0,0.0,0.0,0.0,0.0
2.5,1.47,1.8499999999999999,0.0,0.0,0.0,2.5,1.47,1.8499999999999999
0.0,0.0,0.0,0.0,0.0,0.0,0.0,0.0,0.0
3.85,1.3,1.94,0.0,0.0,0.0,3.85,1.3,1.94
4.760000000000001,1.37,2.13,0.0,0.0,0.0,4.760000000000001,1.37,2.13
12.0,4.6899999999999995,6.74,4.17,1.59,2.3,12.0,4.6899999999999995,6.74
11.110000000000001,2.9899999999999998,4.71,0.0,0.0,0.0,11.110000000000001,2.9899999999999998,4.71
2.86,1.52,1.9800000000000002,0.0,0.0,0.0,2.86,1.52,1.9800000000000002
0.0,0.0,0.0,0.0,0.0,0.0,0.0,0.0,0.0
14.29,5.88,8.33,11.76,4.760000000000001,6.78,14.29,5.88,8.33
0.0,0.0,0.0,0.0,0.0,0.0,0.0,0.0,0.0
0.0,0.0,0.0,0.0,0.0,0.0,0.0,0.0,0.0
7.84,5.41,6.4,0.0,0.0,0.0,3.92,2.7,3.2
9.520000000000001,3.1199999999999997,4.71,0.0,0.0,0.0,9.520000000000001,3.1199999999999997,4.71
1.92,1.5599999999999998,1.72,0.0,0.0,0.0,1.92,1.5599999999999998,1.72
13.04,4.41,6.59,0.0,0.0,0.0,13.04,4.41,6.59
11.540000000000001,4.05,6.0,4.0,1.37,2.04,11.540000000000001,4.05,6.0
0.0,0.0,0.0,0.0,0.0,0.0,0.0,0.0,0.0
13.51,7.6899999999999995,9.8,5.56,3.1199999999999997,4.0,13.51,7.6899999999999995,9.8
5.17,3.85,4.41,0.0,0.0,0.0,5.17,3.85,4.41
40.0,8.450000000000001,13.950000000000001,7.140000000000001,1.43,2.3800000000000003,40.0,8.450000000000001,13.950000000000001
37.5,8.959999999999999,14.46,26.669999999999998,6.0600000000000005,9.879999999999999,37.5,8.959999999999999,14.46
3.6999999999999997,1.3299999999999998,1.96,0.0,0.0,0.0,3.6999999999999997,1.3299999999999998,1.96
0.0,0.0,0.0,0.0,0.0,0.0,0.0,0.0,0.0
2.86,1.27,1.7500000000000002,0.0,0.0,0.0,2.86,1.27,1.7500000000000002
15.379999999999999,5.26,7.84,12.0,4.0,6.0,15.379999999999999,5.26,7.84
25.0,12.33,16.509999999999998,14.29,6.94,9.35,25.0,12.33,16.509999999999998
7.41,2.67,3.92,0.0,0.0,0.0,7.41,2.67,3.92
0.0,0.0,0.0,0.0,0.0,0.0,0.0,0.0,0.0
11.110000000000001,3.75,5.609999999999999,3.85,1.27,1.9,7.41,2.5,3.74
2.63,1.43,1.8499999999999999,0.0,0.0,0.0,2.63,1.43,1.8499999999999999
0.0,0.0,0.0,0.0,0.0,0.0,0.0,0.0,0.0
2.78,1.35,1.82,0.0,0.0,0.0,2.78,1.35,1.82
14.29,8.86,10.94,6.25,3.85,4.760000000000001,12.24,7.59,9.379999999999999
9.09,2.9000000000000004,4.3999999999999995,4.760000000000001,1.47,2.25,9.09,2.9000000000000004,4.3999999999999995
1.92,1.4500000000000002,1.6500000000000001,0.0,0.0,0.0,1.92,1.4500000000000002,1.6500000000000001
0.0,0.0,0.0,0.0,0.0,0.0,0.0,0.0,0.0
11.540000000000001,5.08,7.06,4.0,1.72,2.41,11.540000000000001,5.08,7.06
0.0,0.0,0.0,0.0,0.0,0.0,0.0,0.0,0.0
36.36,6.45,10.96,20.0,3.2800000000000002,5.63,36.36,6.45,10.96
0.0,0.0,0.0,0.0,0.0,0.0,0.0,0.0,0.0
0.0,0.0,0.0,0.0,0.0,0.0,0.0,0.0,0.0
0.0,0.0,0.0,0.0,0.0,0.0,0.0,0.0,0.0
0.0,0.0,0.0,0.0,0.0,0.0,0.0,0.0,0.0
4.84,3.75,4.2299999999999995,0.0,0.0,0.0,4.84,3.75,4.2299999999999995
20.0,4.17,6.9,0.0,0.0,0.0,13.33,2.78,4.6
28.57,5.56,9.3,23.080000000000002,4.2299999999999995,7.140000000000001,28.57,5.56,9.3
0.0,0.0,0.0,0.0,0.0,0.0,0.0,0.0,0.0
6.25,1.3,2.15,0.0,0.0,0.0,6.25,1.3,2.15
26.090000000000003,8.110000000000001,12.370000000000001,9.09,2.74,4.21,26.090000000000003,8.110000000000001,12.370000000000001
12.5,2.9000000000000004,4.71,0.0,0.0,0.0,12.5,2.9000000000000004,4.71
0.0,0.0,0.0,0.0,0.0,0.0,0.0,0.0,0.0
5.0,1.2,1.94,0.0,0.0,0.0,5.0,1.2,1.94
3.45,2.74,3.05,0.0,0.0,0.0,3.45,2.74,3.05
0.0,0.0,0.0,0.0,0.0,0.0,0.0,0.0,0.0
0.0,0.0,0.0,0.0,0.0,0.0,0.0,0.0,0.0
13.639999999999999,3.75,5.88,0.0,0.0,0.0,13.639999999999999,3.75,5.88
7.6899999999999995,1.25,2.15,0.0,0.0,0.0,7.6899999999999995,1.25,2.15
2.63,1.39,1.82,0.0,0.0,0.0,2.63,1.39,1.82
0.0,0.0,0.0,0.0,0.0,0.0,0.0,0.0,0.0
12.5,9.719999999999999,10.94,5.45,4.2299999999999995,4.760000000000001,10.71,8.33,9.379999999999999
0.0,0.0,0.0,0.0,0.0,0.0,0.0,0.0,0.0
2.5,1.67,2.0,0.0,0.0,0.0,2.5,1.67,2.0
0.0,0.0,0.0,0.0,0.0,0.0,0.0,0.0,0.0
0.0,0.0,0.0,0.0,0.0,0.0,0.0,0.0,0.0
40.0,5.33,9.41,22.220000000000002,2.7,4.82,40.0,5.33,9.41
12.5,3.49,5.45,8.7,2.35,3.6999999999999997,12.5,3.49,5.45
0.0,0.0,0.0,0.0,0.0,0.0,0.0,0.0,0.0
0.0,0.0,0.0,0.0,0.0,0.0,0.0,0.0,0.0
8.0,5.26,6.35,0.0,0.0,0.0,8.0,5.26,6.35
25.0,6.58,10.42,5.26,1.3299999999999998,2.13,20.0,5.26,8.33
29.409999999999997,8.200000000000001,12.82,12.5,3.3300000000000005,5.26,29.409999999999997,8.200000000000001,12.82
10.34,4.0,5.7700000000000005,0.0,0.0,0.0,10.34,4.0,5.7700000000000005
13.33,3.08,5.0,0.0,0.0,0.0,13.33,3.08,5.0
15.909999999999998,10.45,12.61,9.3,6.0600000000000005,7.340000000000001,15.909999999999998,10.45,12.61
0.0,0.0,0.0,0.0,0.0,0.0,0.0,0.0,0.0
18.75,8.219999999999999,11.43,9.68,4.17,5.83,12.5,5.48,7.62
0.0,0.0,0.0,0.0,0.0,0.0,0.0,0.0,0.0
0.0,0.0,0.0,0.0,0.0,0.0,0.0,0.0,0.0
15.790000000000001,3.6999999999999997,6.0,5.56,1.25,2.04,15.790000000000001,3.6999999999999997,6.0
6.67,1.49,2.44,0.0,0.0,0.0,6.67,1.49,2.44
2.7,1.39,1.83,0.0,0.0,0.0,2.7,1.39,1.83
37.5,10.71,16.669999999999998,30.43,8.43,13.209999999999999,37.5,10.71,16.669999999999998
7.140000000000001,1.41,2.35,0.0,0.0,0.0,7.140000000000001,1.41,2.35
0.0,0.0,0.0,0.0,0.0,0.0,0.0,0.0,0.0
2.94,1.35,1.8499999999999999,0.0,0.0,0.0,2.94,1.35,1.8499999999999999
3.92,2.6,3.1199999999999997,0.0,0.0,0.0,3.92,2.6,3.1199999999999997
2.63,1.28,1.72,0.0,0.0,0.0,2.63,1.28,1.72
27.779999999999998,6.8500000000000005,10.99,17.65,4.17,6.74,27.779999999999998,6.8500000000000005,10.99
0.0,0.0,0.0,0.0,0.0,0.0,0.0,0.0,0.0
13.950000000000001,7.32,9.6,7.140000000000001,3.6999999999999997,4.88,11.63,6.1,8.0
12.5,3.2300000000000004,5.13,6.67,1.6400000000000001,2.63,12.5,3.2300000000000004,5.13
25.0,4.55,7.6899999999999995,9.09,1.54,2.63,25.0,4.55,7.6899999999999995
5.56,4.41,4.92,3.7699999999999996,2.9899999999999998,3.3300000000000005,5.56,4.41,4.92
0.0,0.0,0.0,0.0,0.0,0.0,0.0,0.0,0.0
13.33,5.48,7.7700000000000005,3.45,1.39,1.9800000000000002,13.33,5.48,7.7700000000000005
4.55,3.08,3.6700000000000004,0.0,0.0,0.0,4.55,3.08,3.6700000000000004
7.32,4.05,5.220000000000001,5.0,2.74,3.54,7.32,4.05,5.220000000000001
28.000000000000004,10.45,15.22,16.669999999999998,6.0600000000000005,8.89,28.000000000000004,10.45,15.22
2.94,1.28,1.79,0.0,0.0,0.0,2.94,1.28,1.79
14.29,3.17,5.19,7.6899999999999995,1.6099999999999999,2.67,14.29,3.17,5.19
18.52,6.8500000000000005,10.0,15.379999999999999,5.56,8.16,18.52,6.8500000000000005,10.0
19.35,7.23,10.530000000000001,6.67,2.44,3.5700000000000003,19.35,7.23,10.530000000000001
0.0,0.0,0.0,0.0,0.0,0.0,0.0,0.0,0.0
0.0,0.0,0.0,0.0,0.0,0.0,0.0,0.0,0.0
30.0,3.85,6.819999999999999,0.0,0.0,0.0,30.0,3.85,6.819999999999999
9.09,2.9000000000000004,4.3999999999999995,0.0,0.0,0.0,9.09,2.9000000000000004,4.3999999999999995
5.26,3.95,4.51,3.5700000000000003,2.67,3.05,5.26,3.95,4.51
0.0,0.0,0.0,0.0,0.0,0.0,0.0,0.0,0.0
5.66,3.85,4.58,1.92,1.3,1.55,5.66,3.85,4.58
9.520000000000001,2.94,4.49,5.0,1.49,2.3,9.520000000000001,2.94,4.49
16.669999999999998,5.48,8.25,4.35,1.39,2.11,16.669999999999998,5.48,8.25
0.0,0.0,0.0,0.0,0.0,0.0,0.0,0.0,0.0
0.0,0.0,0.0,0.0,0.0,0.0,0.0,0.0,0.0
5.26,3.2300000000000004,4.0,0.0,0.0,0.0,5.26,3.2300000000000004,4.0
0.0,0.0,0.0,0.0,0.0,0.0,0.0,0.0,0.0
9.09,5.63,6.959999999999999,2.33,1.43,1.77,4.55,2.82,3.4799999999999995
8.0,2.78,4.12,0.0,0.0,0.0,8.0,2.78,4.12
4.760000000000001,2.78,3.51,0.0,0.0,0.0,4.760000000000001,2.78,3.51
16.669999999999998,6.25,9.09,10.34,3.8,5.56,16.669999999999998,6.25,9.09
0.0,0.0,0.0,0.0,0.0,0.0,0.0,0.0,0.0
3.45,1.37,1.96,0.0,0.0,0.0,3.45,1.37,1.96
0.0,0.0,0.0,0.0,0.0,0.0,0.0,0.0,0.0
4.760000000000001,1.1199999999999999,1.82,0.0,0.0,0.0,4.760000000000001,1.1199999999999999,1.82
0.0,0.0,0.0,0.0,0.0,0.0,0.0,0.0,0.0
23.68,12.33,16.220000000000002,16.220000000000002,8.33,11.01,23.68,12.33,16.220000000000002
20.0,5.56,8.7,5.26,1.41,2.22,15.0,4.17,6.52
15.379999999999999,9.09,11.43,2.63,1.54,1.94,7.6899999999999995,4.55,5.71
5.71,2.9000000000000004,3.85,2.94,1.47,1.96,5.71,2.9000000000000004,3.85
0.0,0.0,0.0,0.0,0.0,0.0,0.0,0.0,0.0
13.639999999999999,3.66,5.7700000000000005,4.760000000000001,1.23,1.96,13.639999999999999,3.66,5.7700000000000005
13.16,7.04,9.17,5.41,2.86,3.74,13.16,7.04,9.17
8.51,5.71,6.84,2.17,1.4500000000000002,1.7399999999999998,8.51,5.71,6.84
6.15,5.26,5.67,0.0,0.0,0.0,6.15,5.26,5.67
11.540000000000001,4.6899999999999995,6.67,4.0,1.59,2.27,11.540000000000001,4.6899999999999995,6.67
30.0,8.7,13.48,10.530000000000001,2.94,4.6,25.0,7.249999999999999,11.24
9.520000000000001,2.3,3.6999999999999997,5.0,1.16,1.8900000000000001,9.520000000000001,2.3,3.6999999999999997
2.63,1.49,1.9,0.0,0.0,0.0,2.63,1.49,1.9
16.13,6.41,9.17,6.67,2.6,3.74,9.68,3.85,5.5
4.0,2.4699999999999998,3.05,2.04,1.25,1.55,4.0,2.4699999999999998,3.05
19.23,7.04,10.31,8.0,2.86,4.21,15.379999999999999,5.63,8.25
0.0,0.0,0.0,0.0,0.0,0.0,0.0,0.0,0.0
0.0,0.0,0.0,0.0,0.0,0.0,0.0,0.0,0.0
4.65,2.94,3.5999999999999996,0.0,0.0,0.0,4.65,2.94,3.5999999999999996
11.360000000000001,6.8500000000000005,8.55,9.3,5.56,6.959999999999999,11.360000000000001,6.8500000000000005,8.55
0.0,0.0,0.0,0.0,0.0,0.0,0.0,0.0,0.0
0.0,0.0,0.0,0.0,0.0,0.0,0.0,0.0,0.0
2.13,1.6099999999999999,1.83,0.0,0.0,0.0,2.13,1.6099999999999999,1.83
15.620000000000001,7.6899999999999995,10.31,12.9,6.25,8.42,15.620000000000001,7.6899999999999995,10.31
8.33,4.35,5.71,0.0,0.0,0.0,8.33,4.35,5.71
3.3300000000000005,1.35,1.92,0.0,0.0,0.0,3.3300000000000005,1.35,1.92
14.29,4.29,6.59,0.0,0.0,0.0,9.520000000000001,2.86,4.3999999999999995
2.63,1.39,1.82,0.0,0.0,0.0,2.63,1.39,1.82
11.540000000000001,3.9,5.83,0.0,0.0,0.0,11.540000000000001,3.9,5.83
11.110000000000001,5.41,7.2700000000000005,0.0,0.0,0.0,8.33,4.05,5.45
10.94,9.46,10.14,6.35,5.48,5.88,9.379999999999999,8.110000000000001,8.7
20.0,6.15,9.41,5.26,1.5599999999999998,2.41,20.0,6.15,9.41
3.6999999999999997,1.82,2.44,0.0,0.0,0.0,3.6999999999999997,1.82,2.44
0.0,0.0,0.0,0.0,0.0,0.0,0.0,0.0,0.0
0.0,0.0,0.0,0.0,0.0,0.0,0.0,0.0,0.0
4.760000000000001,4.35,4.55,1.6099999999999999,1.47,1.54,4.760000000000001,4.35,4.55
2.78,1.6099999999999999,2.04,0.0,0.0,0.0,2.78,1.6099999999999999,2.04
6.45,3.17,4.26,0.0,0.0,0.0,6.45,3.17,4.26
0.0,0.0,0.0,0.0,0.0,0.0,0.0,0.0,0.0
0.0,0.0,0.0,0.0,0.0,0.0,0.0,0.0,0.0
25.0,1.35,2.56,0.0,0.0,0.0,25.0,1.35,2.56
27.91,14.81,19.35,16.669999999999998,8.75,11.48,20.93,11.110000000000001,14.52
3.1199999999999997,2.78,2.94,0.0,0.0,0.0,3.1199999999999997,2.78,2.94
7.89,3.95,5.26,0.0,0.0,0.0,5.26,2.63,3.51
3.5700000000000003,2.7,3.08,0.0,0.0,0.0,3.5700000000000003,2.7,3.08
0.0,0.0,0.0,0.0,0.0,0.0,0.0,0.0,0.0
10.91,8.33,9.45,7.41,5.63,6.4,10.91,8.33,9.45
0.0,0.0,0.0,0.0,0.0,0.0,0.0,0.0,0.0
1.92,1.5599999999999998,1.72,0.0,0.0,0.0,1.92,1.5599999999999998,1.72
7.41,2.7,3.9600000000000004,0.0,0.0,0.0,7.41,2.7,3.9600000000000004
10.71,4.05,5.88,0.0,0.0,0.0,10.71,4.05,5.88
30.769999999999996,10.39,15.53,8.0,2.63,3.9600000000000004,26.919999999999998,9.09,13.59
7.55,5.48,6.35,3.85,2.78,3.2300000000000004,7.55,5.48,6.35
3.45,3.0300000000000002,3.2300000000000004,1.7500000000000002,1.54,1.6400000000000001,3.45,3.0300000000000002,3.2300000000000004
5.56,3.0300000000000002,3.92,2.86,1.54,2.0,5.56,3.0300000000000002,3.92
0.0,0.0,0.0,0.0,0.0,0.0,0.0,0.0,0.0
10.34,3.8,5.56,3.5700000000000003,1.28,1.8900000000000001,10.34,3.8,5.56
8.33,4.82,6.11,0.0,0.0,0.0,8.33,4.82,6.11
8.89,6.15,7.2700000000000005,0.0,0.0,0.0,8.89,6.15,7.2700000000000005
3.5700000000000003,1.37,1.9800000000000002,0.0,0.0,0.0,3.5700000000000003,1.37,1.9800000000000002
2.44,1.32,1.71,0.0,0.0,0.0,2.44,1.32,1.71
5.0,1.52,2.33,0.0,0.0,0.0,5.0,1.52,2.33
0.0,0.0,0.0,0.0,0.0,0.0,0.0,0.0,0.0
7.6899999999999995,7.140000000000001,7.41,0.0,0.0,0.0,6.15,5.71,5.93
20.0,2.25,4.04,11.110000000000001,1.1400000000000001,2.06,20.0,2.25,4.04
0.0,0.0,0.0,0.0,0.0,0.0,0.0,0.0,0.0
0.0,0.0,0.0,0.0,0.0,0.0,0.0,0.0,0.0
3.39,2.63,2.96,1.72,1.3299999999999998,1.5,3.39,2.63,2.96
0.0,0.0,0.0,0.0,0.0,0.0,0.0,0.0,0.0
19.35,7.59,10.91,6.67,2.56,3.6999999999999997,16.13,6.329999999999999,9.09
2.94,1.3299999999999998,1.83,0.0,0.0,0.0,2.94,1.3299999999999998,1.83
6.25,4.29,5.08,4.26,2.9000000000000004,3.45,6.25,4.29,5.08
18.18,5.0,7.84,14.29,3.8,6.0,18.18,5.0,7.84
10.530000000000001,2.86,4.49,0.0,0.0,0.0,10.530000000000001,2.86,4.49
47.620000000000005,12.989999999999998,20.41,20.0,5.26,8.33,23.810000000000002,6.49,10.2
17.65,4.109999999999999,6.67,6.25,1.39,2.27,17.65,4.109999999999999,6.67
13.79,5.06,7.41,7.140000000000001,2.56,3.7699999999999996,13.79,5.06,7.41
13.04,5.26,7.5,4.55,1.79,2.56,13.04,5.26,7.5
4.6899999999999995,4.41,4.55,1.59,1.49,1.54,4.6899999999999995,4.41,4.55
0.0,0.0,0.0,0.0,0.0,0.0,0.0,0.0,0.0
14.29,4.4799999999999995,6.819999999999999,5.0,1.52,2.33,14.29,4.4799999999999995,6.819999999999999
7.6899999999999995,2.56,3.85,4.0,1.3,1.96,7.6899999999999995,2.56,3.85
31.580000000000002,7.6899999999999995,12.370000000000001,5.56,1.3,2.11,26.32,6.41,10.31
0.0,0.0,0.0,0.0,0.0,0.0,0.0,0.0,0.0
22.220000000000002,5.19,8.42,11.76,2.63,4.3,22.220000000000002,5.19,8.42
5.56,1.39,2.22,0.0,0.0,0.0,5.56,1.39,2.22
4.35,1.35,2.06,0.0,0.0,0.0,4.35,1.35,2.06
0.0,0.0,0.0,0.0,0.0,0.0,0.0,0.0,0.0
22.220000000000002,4.760000000000001,7.84,11.76,2.41,4.0,22.220000000000002,4.760000000000001,7.84
0.0,0.0,0.0,0.0,0.0,0.0,0.0,0.0,0.0
0.0,0.0,0.0,0.0,0.0,0.0,0.0,0.0,0.0
9.09,2.7,4.17,0.0,0.0,0.0,9.09,2.7,4.17
2.63,1.43,1.8499999999999999,0.0,0.0,0.0,2.63,1.43,1.8499999999999999
0.0,0.0,0.0,0.0,0.0,0.0,0.0,0.0,0.0
2.94,1.41,1.9,0.0,0.0,0.0,2.94,1.41,1.9
13.51,7.46,9.62,2.78,1.52,1.96,10.81,5.970000000000001,7.6899999999999995
3.6999999999999997,1.18,1.79,0.0,0.0,0.0,3.6999999999999997,1.18,1.79
13.73,10.14,11.67,8.0,5.88,6.78,13.73,10.14,11.67
25.0,1.6099999999999999,3.0300000000000002,0.0,0.0,0.0,25.0,1.6099999999999999,3.0300000000000002
0.0,0.0,0.0,0.0,0.0,0.0,0.0,0.0,0.0
16.33,10.26,12.6,6.25,3.9,4.8,14.29,8.97,11.020000000000001
1.79,1.37,1.55,0.0,0.0,0.0,1.79,1.37,1.55
11.110000000000001,2.6,4.21,5.88,1.32,2.15,11.110000000000001,2.6,4.21
4.65,2.78,3.4799999999999995,0.0,0.0,0.0,4.65,2.78,3.4799999999999995
11.76,3.08,4.88,6.25,1.5599999999999998,2.5,11.76,3.08,4.88
2.63,1.35,1.79,0.0,0.0,0.0,2.63,1.35,1.79
0.0,0.0,0.0,0.0,0.0,0.0,0.0,0.0,0.0
1.96,1.43,1.6500000000000001,0.0,0.0,0.0,1.96,1.43,1.6500000000000001
4.0,1.54,2.22,0.0,0.0,0.0,4.0,1.54,2.22
30.769999999999996,5.13,8.790000000000001,8.33,1.3,2.25,30.769999999999996,5.13,8.790000000000001
27.589999999999996,9.64,14.29,7.140000000000001,2.44,3.64,20.69,7.23,10.71
14.81,5.71,8.25,7.6899999999999995,2.9000000000000004,4.21,14.81,5.71,8.25
5.17,3.95,4.4799999999999995,1.7500000000000002,1.3299999999999998,1.52,3.45,2.63,2.9899999999999998
24.240000000000002,11.76,15.840000000000002,6.25,2.9899999999999998,4.04,18.18,8.82,11.88
16.669999999999998,4.17,6.67,5.88,1.41,2.27,16.669999999999998,4.17,6.67
5.88,1.37,2.22,0.0,0.0,0.0,5.88,1.37,2.22
0.0,0.0,0.0,0.0,0.0,0.0,0.0,0.0,0.0
2.04,1.8499999999999999,1.94,0.0,0.0,0.0,2.04,1.8499999999999999,1.94
8.33,6.67,7.41,1.69,1.35,1.5,5.0,4.0,4.44
37.5,3.9,7.06,14.29,1.32,2.41,37.5,3.9,7.06
20.0,7.5,10.91,10.34,3.8,5.56,16.669999999999998,6.25,9.09
0.0,0.0,0.0,0.0,0.0,0.0,0.0,0.0,0.0
0.0,0.0,0.0,0.0,0.0,0.0,0.0,0.0,0.0
0.0,0.0,0.0,0.0,0.0,0.0,0.0,0.0,0.0
30.769999999999996,9.520000000000001,14.549999999999999,16.0,4.82,7.41,30.769999999999996,9.520000000000001,14.549999999999999
0.0,0.0,0.0,0.0,0.0,0.0,0.0,0.0,0.0
0.0,0.0,0.0,0.0,0.0,0.0,0.0,0.0,0.0
8.0,2.4699999999999998,3.7699999999999996,0.0,0.0,0.0,8.0,2.4699999999999998,3.7699999999999996
2.94,2.3800000000000003,2.63,0.0,0.0,0.0,2.94,2.3800000000000003,2.63
6.5600000000000005,5.63,6.0600000000000005,3.3300000000000005,2.86,3.08,4.92,4.2299999999999995,4.55
1.96,1.32,1.5699999999999998,0.0,0.0,0.0,1.96,1.32,1.5699999999999998
9.379999999999999,4.05,5.66,0.0,0.0,0.0,9.379999999999999,4.05,5.66
0.0,0.0,0.0,0.0,0.0,0.0,0.0,0.0,0.0
40.0,8.82,14.46,21.43,4.4799999999999995,7.41,33.33,7.35,12.049999999999999
10.61,9.46,10.0,3.08,2.74,2.9000000000000004,9.09,8.110000000000001,8.57
0.0,0.0,0.0,0.0,0.0,0.0,0.0,0.0,0.0
2.3800000000000003,1.43,1.79,0.0,0.0,0.0,2.3800000000000003,1.43,1.79
4.17,2.86,3.39,0.0,0.0,0.0,4.17,2.86,3.39
3.3300000000000005,2.6,2.92,1.69,1.32,1.48,3.3300000000000005,2.6,2.92
4.17,3.0300000000000002,3.51,2.13,1.54,1.79,4.17,3.0300000000000002,3.51
8.959999999999999,8.7,8.82,3.0300000000000002,2.94,2.9899999999999998,8.959999999999999,8.7,8.82
27.27,8.33,12.770000000000001,19.05,5.63,8.7,27.27,8.33,12.770000000000001
0.0,0.0,0.0,0.0,0.0,0.0,0.0,0.0,0.0
18.18,5.19,8.08,4.760000000000001,1.32,2.06,18.18,5.19,8.08
0.0,0.0,0.0,0.0,0.0,0.0,0.0,0.0,0.0
4.44,2.67,3.3300000000000005,0.0,0.0,0.0,4.44,2.67,3.3300000000000005
13.639999999999999,4.2299999999999995,6.45,0.0,0.0,0.0,13.639999999999999,4.2299999999999995,6.45
3.17,2.3,2.67,0.0,0.0,0.0,3.17,2.3,2.67
0.0,0.0,0.0,0.0,0.0,0.0,0.0,0.0,0.0
7.32,4.84,5.83,2.5,1.6400000000000001,1.9800000000000002,7.32,4.84,5.83
5.0,3.45,4.08,0.0,0.0,0.0,5.0,3.45,4.08
0.0,0.0,0.0,0.0,0.0,0.0,0.0,0.0,0.0
4.760000000000001,2.56,3.3300000000000005,0.0,0.0,0.0,4.760000000000001,2.56,3.3300000000000005
0.0,0.0,0.0,0.0,0.0,0.0,0.0,0.0,0.0
5.88,6.25,6.0600000000000005,2.9899999999999998,3.17,3.08,5.88,6.25,6.0600000000000005
24.240000000000002,10.39,14.549999999999999,15.620000000000001,6.58,9.26,21.21,9.09,12.73
11.110000000000001,3.0300000000000002,4.760000000000001,5.88,1.54,2.44,11.110000000000001,3.0300000000000002,4.760000000000001
6.67,4.55,5.41,2.27,1.54,1.83,6.67,4.55,5.41
3.5700000000000003,2.67,3.05,0.0,0.0,0.0,3.5700000000000003,2.67,3.05
0.0,0.0,0.0,0.0,0.0,0.0,0.0,0.0,0.0
33.33,6.41,10.75,28.57,5.19,8.790000000000001,33.33,6.41,10.75
14.29,2.78,4.65,0.0,0.0,0.0,7.140000000000001,1.39,2.33
12.82,6.49,8.62,0.0,0.0,0.0,7.6899999999999995,3.9,5.17
23.080000000000002,4.29,7.23,8.33,1.4500000000000002,2.4699999999999998,23.080000000000002,4.29,7.23
4.55,1.4500000000000002,2.1999999999999997,0.0,0.0,0.0,4.55,1.4500000000000002,2.1999999999999997
9.68,4.29,5.94,3.3300000000000005,1.4500000000000002,2.02,6.45,2.86,3.9600000000000004
10.0,1.4500000000000002,2.53,0.0,0.0,0.0,10.0,1.4500000000000002,2.53
3.0300000000000002,1.37,1.8900000000000001,0.0,0.0,0.0,3.0300000000000002,1.37,1.8900000000000001
4.55,2.86,3.51,2.33,1.4500000000000002,1.79,4.55,2.86,3.51
10.0,2.56,4.08,5.26,1.3,2.08,10.0,2.56,4.08
17.39,5.41,8.25,13.639999999999999,4.109999999999999,6.32,17.39,5.41,8.25
0.0,0.0,0.0,0.0,0.0,0.0,0.0,0.0,0.0
0.0,0.0,0.0,0.0,0.0,0.0,0.0,0.0,0.0
0.0,0.0,0.0,0.0,0.0,0.0,0.0,0.0,0.0
1.72,1.37,1.53,0.0,0.0,0.0,1.72,1.37,1.53
3.3300000000000005,1.5599999999999998,2.13,0.0,0.0,0.0,3.3300000000000005,1.5599999999999998,2.13
3.51,2.74,3.08,0.0,0.0,0.0,3.51,2.74,3.08
5.0,1.27,2.02,0.0,0.0,0.0,5.0,1.27,2.02
0.0,0.0,0.0,0.0,0.0,0.0,0.0,0.0,0.0
18.92,9.86,12.959999999999999,8.33,4.29,5.66,13.51,7.04,9.26
0.0,0.0,0.0,0.0,0.0,0.0,0.0,0.0,0.0
5.26,4.109999999999999,4.62,0.0,0.0,0.0,3.51,2.74,3.08
3.2300000000000004,1.39,1.94,0.0,0.0,0.0,3.2300000000000004,1.39,1.94
8.33,4.35,5.71,0.0,0.0,0.0,8.33,4.35,5.71
10.0,2.74,4.3,0.0,0.0,0.0,10.0,2.74,4.3
18.18,5.26,8.16,9.520000000000001,2.67,4.17,18.18,5.26,8.16
0.0,0.0,0.0,0.0,0.0,0.0,0.0,0.0,0.0
5.56,1.3299999999999998,2.15,0.0,0.0,0.0,5.56,1.3299999999999998,2.15
14.29,3.75,5.94,0.0,0.0,0.0,14.29,3.75,5.94
16.669999999999998,5.0,7.6899999999999995,4.35,1.27,1.96,16.669999999999998,5.0,7.6899999999999995
4.55,3.0300000000000002,3.64,0.0,0.0,0.0,4.55,3.0300000000000002,3.64
4.760000000000001,1.27,2.0,0.0,0.0,0.0,4.760000000000001,1.27,2.0
0.0,0.0,0.0,0.0,0.0,0.0,0.0,0.0,0.0
6.45,2.74,3.85,0.0,0.0,0.0,6.45,2.74,3.85
35.0,11.48,17.28,21.05,6.67,10.13,35.0,11.48,17.28
5.36,3.9,4.51,0.0,0.0,0.0,5.36,3.9,4.51
18.52,5.88,8.93,3.85,1.1900000000000002,1.82,18.52,5.88,8.93
0.0,0.0,0.0,0.0,0.0,0.0,0.0,0.0,0.0
1.72,1.27,1.46,0.0,0.0,0.0,1.72,1.27,1.46
0.0,0.0,0.0,0.0,0.0,0.0,0.0,0.0,0.0
9.379999999999999,4.17,5.7700000000000005,6.45,2.82,3.92,9.379999999999999,4.17,5.7700000000000005
0.0,0.0,0.0,0.0,0.0,0.0,0.0,0.0,0.0
30.43,9.21,14.14,22.73,6.67,10.31,30.43,9.21,14.14
15.379999999999999,3.2800000000000002,5.41,8.33,1.67,2.78,15.379999999999999,3.2800000000000002,5.41
0.0,0.0,0.0,0.0,0.0,0.0,0.0,0.0,0.0
0.0,0.0,0.0,0.0,0.0,0.0,0.0,0.0,0.0
50.0,13.51,21.279999999999998,26.32,6.8500000000000005,10.870000000000001,45.0,12.16,19.15
10.0,3.75,5.45,0.0,0.0,0.0,10.0,3.75,5.45
41.18,9.21,15.049999999999999,25.0,5.33,8.790000000000001,35.29,7.89,12.9
5.7700000000000005,4.05,4.760000000000001,0.0,0.0,0.0,5.7700000000000005,4.05,4.760000000000001
0.0,0.0,0.0,0.0,0.0,0.0,0.0,0.0,0.0
4.6899999999999995,4.2299999999999995,4.44,0.0,0.0,0.0,4.6899999999999995,4.2299999999999995,4.44
42.55,30.769999999999996,35.709999999999994,30.43,21.88,25.45,27.66,20.0,23.21
0.0,0.0,0.0,0.0,0.0,0.0,0.0,0.0,0.0
0.0,0.0,0.0,0.0,0.0,0.0,0.0,0.0,0.0
3.45,2.41,2.8400000000000003,0.0,0.0,0.0,3.45,2.41,2.8400000000000003
10.34,3.9,5.66,3.5700000000000003,1.32,1.92,10.34,3.9,5.66
15.379999999999999,2.9000000000000004,4.88,0.0,0.0,0.0,15.379999999999999,2.9000000000000004,4.88
6.9,5.33,6.02,1.7500000000000002,1.35,1.53,6.9,5.33,6.02
11.110000000000001,1.52,2.67,0.0,0.0,0.0,11.110000000000001,1.52,2.67
11.32,7.41,8.959999999999999,3.85,2.5,3.0300000000000002,9.43,6.17,7.46
3.0300000000000002,1.41,1.92,0.0,0.0,0.0,3.0300000000000002,1.41,1.92
21.43,4.4799999999999995,7.41,15.379999999999999,3.0300000000000002,5.06,21.43,4.4799999999999995,7.41
0.0,0.0,0.0,0.0,0.0,0.0,0.0,0.0,0.0
0.0,0.0,0.0,0.0,0.0,0.0,0.0,0.0,0.0
22.220000000000002,5.56,8.89,17.65,4.2299999999999995,6.819999999999999,22.220000000000002,5.56,8.89
0.0,0.0,0.0,0.0,0.0,0.0,0.0,0.0,0.0
7.32,3.66,4.88,0.0,0.0,0.0,7.32,3.66,4.88
0.0,0.0,0.0,0.0,0.0,0.0,0.0,0.0,0.0
15.0,4.0,6.32,0.0,0.0,0.0,15.0,4.0,6.32
1.67,1.25,1.43,0.0,0.0,0.0,1.67,1.25,1.43
6.819999999999999,4.05,5.08,4.65,2.74,3.45,6.819999999999999,4.05,5.08
29.17,10.77,15.73,26.090000000000003,9.379999999999999,13.79,29.17,10.77,15.73
8.82,3.8,5.3100000000000005,6.0600000000000005,2.56,3.5999999999999996,8.82,3.8,5.3100000000000005
30.0,11.540000000000001,16.669999999999998,13.79,5.19,7.55,23.330000000000002,8.97,12.959999999999999
17.95,10.94,13.59,2.63,1.59,1.9800000000000002,17.95,10.94,13.59
0.0,0.0,0.0,0.0,0.0,0.0,0.0,0.0,0.0
12.5,4.29,6.38,0.0,0.0,0.0,12.5,4.29,6.38
6.38,3.6999999999999997,4.6899999999999995,2.17,1.25,1.59,6.38,3.6999999999999997,4.6899999999999995
3.45,2.82,3.1,0.0,0.0,0.0,3.45,2.82,3.1
13.11,11.43,12.21,3.3300000000000005,2.9000000000000004,3.1,11.48,10.0,10.69
29.409999999999997,6.1,10.100000000000001,25.0,4.9399999999999995,8.25,29.409999999999997,6.1,10.100000000000001
2.3800000000000003,1.35,1.72,0.0,0.0,0.0,2.3800000000000003,1.35,1.72
15.379999999999999,9.229999999999999,11.540000000000001,10.530000000000001,6.25,7.84,15.379999999999999,9.229999999999999,11.540000000000001
7.6899999999999995,2.7,4.0,0.0,0.0,0.0,7.6899999999999995,2.7,4.0
0.0,0.0,0.0,0.0,0.0,0.0,0.0,0.0,0.0
0.0,0.0,0.0,0.0,0.0,0.0,0.0,0.0,0.0
9.68,4.35,6.0,3.3300000000000005,1.47,2.04,6.45,2.9000000000000004,4.0
27.589999999999996,21.33,24.060000000000002,12.280000000000001,9.46,10.69,20.69,16.0,18.05
37.5,8.110000000000001,13.33,26.669999999999998,5.48,9.09,37.5,8.110000000000001,13.33
3.5700000000000003,1.52,2.13,0.0,0.0,0.0,3.5700000000000003,1.52,2.13
18.18,9.229999999999999,12.24,9.379999999999999,4.6899999999999995,6.25,18.18,9.229999999999999,12.24
2.0,1.3,1.5699999999999998,0.0,0.0,0.0,2.0,1.3,1.5699999999999998
0.0,0.0,0.0,0.0,0.0,0.0,0.0,0.0,0.0
0.0,0.0,0.0,0.0,0.0,0.0,0.0,0.0,0.0
33.33,3.85,6.9,12.5,1.3,2.35,33.33,3.85,6.9
5.71,3.1199999999999997,4.04,0.0,0.0,0.0,5.71,3.1199999999999997,4.04
7.5,4.55,5.66,2.56,1.54,1.92,7.5,4.55,5.66
5.56,4.05,4.6899999999999995,0.0,0.0,0.0,5.56,4.05,4.6899999999999995
0.0,0.0,0.0,0.0,0.0,0.0,0.0,0.0,0.0
25.0,18.18,21.05,12.73,9.21,10.69,19.64,14.29,16.54
7.41,3.17,4.44,0.0,0.0,0.0,7.41,3.17,4.44
5.71,2.53,3.51,2.94,1.28,1.79,5.71,2.53,3.51
6.819999999999999,4.17,5.17,0.0,0.0,0.0,6.819999999999999,4.17,5.17
25.0,10.45,14.74,22.220000000000002,9.09,12.9,25.0,10.45,14.74
18.75,4.29,6.98,0.0,0.0,0.0,18.75,4.29,6.98
27.27,15.0,19.35,20.93,11.39,14.75,25.0,13.750000000000002,17.740000000000002
0.0,0.0,0.0,0.0,0.0,0.0,0.0,0.0,0.0
4.55,1.47,2.22,0.0,0.0,0.0,4.55,1.47,2.22
0.0,0.0,0.0,0.0,0.0,0.0,0.0,0.0,0.0
0.0,0.0,0.0,0.0,0.0,0.0,0.0,0.0,0.0
0.0,0.0,0.0,0.0,0.0,0.0,0.0,0.0,0.0
8.7,5.970000000000001,7.08,0.0,0.0,0.0,6.52,4.4799999999999995,5.3100000000000005
0.0,0.0,0.0,0.0,0.0,0.0,0.0,0.0,0.0
7.9399999999999995,8.06,8.0,0.0,0.0,0.0,7.9399999999999995,8.06,8.0
22.220000000000002,4.760000000000001,7.84,11.76,2.41,4.0,22.220000000000002,4.760000000000001,7.84
0.0,0.0,0.0,0.0,0.0,0.0,0.0,0.0,0.0
36.0,12.0,18.0,29.17,9.46,14.29,36.0,12.0,18.0
13.33,2.7,4.49,0.0,0.0,0.0,13.33,2.7,4.49
3.0300000000000002,2.53,2.76,0.0,0.0,0.0,3.0300000000000002,2.53,2.76
0.0,0.0,0.0,0.0,0.0,0.0,0.0,0.0,0.0
39.129999999999995,12.68,19.15,13.639999999999999,4.29,6.52,34.78,11.27,17.02
6.45,2.6,3.6999999999999997,3.3300000000000005,1.32,1.8900000000000001,6.45,2.6,3.6999999999999997
16.0,5.0,7.62,4.17,1.27,1.94,12.0,3.75,5.71
28.000000000000004,10.14,14.89,8.33,2.94,4.35,24.0,8.7,12.770000000000001
1.69,1.35,1.5,0.0,0.0,0.0,1.69,1.35,1.5
0.0,0.0,0.0,0.0,0.0,0.0,0.0,0.0,0.0
7.89,4.62,5.83,2.7,1.5599999999999998,1.9800000000000002,5.26,3.08,3.88
1.92,1.52,1.69,0.0,0.0,0.0,1.92,1.52,1.69
17.65,7.89,10.91,9.09,4.0,5.56,8.82,3.95,5.45
31.819999999999997,8.86,13.86,19.05,5.13,8.08,31.819999999999997,8.86,13.86
35.0,10.14,15.73,21.05,5.88,9.2,30.0,8.7,13.48
2.7,1.5599999999999998,1.9800000000000002,0.0,0.0,0.0,2.7,1.5599999999999998,1.9800000000000002
2.5,1.32,1.72,0.0,0.0,0.0,2.5,1.32,1.72
0.0,0.0,0.0,0.0,0.0,0.0,0.0,0.0,0.0
12.5,4.41,6.52,8.7,2.9899999999999998,4.44,12.5,4.41,6.52
6.0600000000000005,2.9899999999999998,4.0,0.0,0.0,0.0,6.0600000000000005,2.9899999999999998,4.0
11.110000000000001,3.8,5.66,0.0,0.0,0.0,7.41,2.53,3.7699999999999996
0.0,0.0,0.0,0.0,0.0,0.0,0.0,0.0,0.0
25.0,10.290000000000001,14.580000000000002,7.41,2.9899999999999998,4.26,25.0,10.290000000000001,14.580000000000002
13.33,2.53,4.26,0.0,0.0,0.0,13.33,2.53,4.26
21.43,4.109999999999999,6.9,7.6899999999999995,1.39,2.35,21.43,4.109999999999999,6.9
2.94,1.3299999999999998,1.83,0.0,0.0,0.0,2.94,1.3299999999999998,1.83
3.0300000000000002,1.52,2.02,0.0,0.0,0.0,3.0300000000000002,1.52,2.02
0.0,0.0,0.0,0.0,0.0,0.0,0.0,0.0,0.0
3.85,2.86,3.2800000000000002,0.0,0.0,0.0,1.92,1.43,1.6400000000000001
0.0,0.0,0.0,0.0,0.0,0.0,0.0,0.0,0.0
21.05,5.71,8.99,11.110000000000001,2.9000000000000004,4.6,21.05,5.71,8.99
0.0,0.0,0.0,0.0,0.0,0.0,0.0,0.0,0.0
0.0,0.0,0.0,0.0,0.0,0.0,0.0,0.0,0.0
4.17,2.9899999999999998,3.4799999999999995,0.0,0.0,0.0,4.17,2.9899999999999998,3.4799999999999995
7.9399999999999995,7.04,7.46,0.0,0.0,0.0,7.9399999999999995,7.04,7.46
8.33,2.86,4.26,0.0,0.0,0.0,8.33,2.86,4.26
11.76,2.63,4.3,0.0,0.0,0.0,11.76,2.63,4.3
15.15,6.76,9.35,6.25,2.74,3.81,15.15,6.76,9.35
11.76,5.48,7.48,6.0600000000000005,2.78,3.81,8.82,4.109999999999999,5.609999999999999
6.819999999999999,4.62,5.5,4.65,3.1199999999999997,3.74,6.819999999999999,4.62,5.5
7.140000000000001,4.9399999999999995,5.84,1.82,1.25,1.48,7.140000000000001,4.9399999999999995,5.84
19.64,14.860000000000001,16.919999999999998,9.09,6.8500000000000005,7.8100000000000005,14.29,10.81,12.31
1.59,1.54,1.5599999999999998,0.0,0.0,0.0,1.59,1.54,1.5599999999999998
20.0,4.109999999999999,6.819999999999999,7.140000000000001,1.39,2.33,20.0,4.109999999999999,6.819999999999999
0.0,0.0,0.0,0.0,0.0,0.0,0.0,0.0,0.0
3.85,2.56,3.08,0.0,0.0,0.0,3.85,2.56,3.08
0.0,0.0,0.0,0.0,0.0,0.0,0.0,0.0,0.0
17.65,7.89,10.91,9.09,4.0,5.56,8.82,3.95,5.45
0.0,0.0,0.0,0.0,0.0,0.0,0.0,0.0,0.0
12.5,2.6,4.3,0.0,0.0,0.0,12.5,2.6,4.3
2.5,1.35,1.7500000000000002,0.0,0.0,0.0,2.5,1.35,1.7500000000000002
5.26,1.35,2.15,0.0,0.0,0.0,5.26,1.35,2.15
4.17,1.32,2.0,0.0,0.0,0.0,4.17,1.32,2.0
50.0,13.919999999999998,21.78,14.29,3.85,6.0600000000000005,36.36,10.13,15.840000000000002
0.0,0.0,0.0,0.0,0.0,0.0,0.0,0.0,0.0
2.44,1.37,1.7500000000000002,0.0,0.0,0.0,2.44,1.37,1.7500000000000002
4.17,1.32,2.0,0.0,0.0,0.0,4.17,1.32,2.0
10.0,3.2800000000000002,4.9399999999999995,0.0,0.0,0.0,10.0,3.2800000000000002,4.9399999999999995
5.0,1.37,2.15,0.0,0.0,0.0,5.0,1.37,2.15
0.0,0.0,0.0,0.0,0.0,0.0,0.0,0.0,0.0
4.55,4.05,4.29,3.08,2.74,2.9000000000000004,4.55,4.05,4.29
1.4500000000000002,1.3299999999999998,1.39,0.0,0.0,0.0,1.4500000000000002,1.3299999999999998,1.39
5.08,4.0,4.4799999999999995,0.0,0.0,0.0,5.08,4.0,4.4799999999999995
15.379999999999999,3.2800000000000002,5.41,8.33,1.67,2.78,15.379999999999999,3.2800000000000002,5.41
6.25,1.49,2.41,0.0,0.0,0.0,6.25,1.49,2.41
10.34,3.95,5.71,3.5700000000000003,1.3299999999999998,1.94,10.34,3.95,5.71
5.0,2.5,3.3300000000000005,2.56,1.27,1.69,5.0,2.5,3.3300000000000005
3.85,1.43,2.08,0.0,0.0,0.0,3.85,1.43,2.08
36.36,9.41,14.95,28.57,7.140000000000001,11.43,36.36,9.41,14.95
0.0,0.0,0.0,0.0,0.0,0.0,0.0,0.0,0.0
0.0,0.0,0.0,0.0,0.0,0.0,0.0,0.0,0.0
15.0,3.8,6.0600000000000005,5.26,1.28,2.06,15.0,3.8,6.0600000000000005
15.379999999999999,5.19,7.7700000000000005,12.0,3.95,5.94,15.379999999999999,5.19,7.7700000000000005
21.740000000000002,5.949999999999999,9.35,4.55,1.2,1.9,17.39,4.760000000000001,7.48
20.0,5.33,8.42,5.26,1.35,2.15,15.0,4.0,6.32
5.0,1.2,1.94,0.0,0.0,0.0,5.0,1.2,1.94
1.79,1.32,1.52,0.0,0.0,0.0,1.79,1.32,1.52
0.0,0.0,0.0,0.0,0.0,0.0,0.0,0.0,0.0
10.34,4.41,6.1899999999999995,0.0,0.0,0.0,6.9,2.94,4.12
13.79,5.56,7.920000000000001,10.71,4.2299999999999995,6.0600000000000005,13.79,5.56,7.920000000000001
0.0,0.0,0.0,0.0,0.0,0.0,0.0,0.0,0.0
6.67,3.17,4.3,0.0,0.0,0.0,6.67,3.17,4.3
2.94,1.49,1.9800000000000002,0.0,0.0,0.0,2.94,1.49,1.9800000000000002
28.57,4.9399999999999995,8.42,15.379999999999999,2.5,4.3,21.43,3.6999999999999997,6.32
17.86,6.67,9.71,11.110000000000001,4.05,5.94,17.86,6.67,9.71
18.37,12.33,14.75,8.33,5.56,6.67,16.33,10.96,13.11
8.89,4.88,6.3,4.55,2.4699999999999998,3.2,8.89,4.88,6.3
0.0,0.0,0.0,0.0,0.0,0.0,0.0,0.0,0.0
9.520000000000001,2.63,4.12,5.0,1.3299999999999998,2.11,9.520000000000001,2.63,4.12
53.56999999999999,19.74,28.849999999999998,37.04,13.33,19.61,50.0,18.42,26.919999999999998
0.0,0.0,0.0,0.0,0.0,0.0,0.0,0.0,0.0
10.17,9.09,9.6,5.17,4.62,4.88,10.17,9.09,9.6
0.0,0.0,0.0,0.0,0.0,0.0,0.0,0.0,0.0
1.67,1.23,1.4200000000000002,0.0,0.0,0.0,1.67,1.23,1.4200000000000002
26.32,7.04,11.110000000000001,16.669999999999998,4.29,6.819999999999999,26.32,7.04,11.110000000000001
2.78,2.63,2.7,0.0,0.0,0.0,2.78,2.63,2.7
3.92,2.78,3.25,0.0,0.0,0.0,3.92,2.78,3.25
6.25,1.47,2.3800000000000003,0.0,0.0,0.0,6.25,1.47,2.3800000000000003
0.0,0.0,0.0,0.0,0.0,0.0,0.0,0.0,0.0
18.18,5.71,8.7,4.760000000000001,1.4500000000000002,2.22,18.18,5.71,8.7
7.140000000000001,4.29,5.36,0.0,0.0,0.0,4.760000000000001,2.86,3.5700000000000003
50.0,12.68,20.22,5.88,1.43,2.3,38.89,9.86,15.73
4.65,2.67,3.39,2.3800000000000003,1.35,1.72,4.65,2.67,3.39
31.03,12.16,17.48,10.71,4.109999999999999,5.94,27.589999999999996,10.81,15.53
2.44,1.6400000000000001,1.96,0.0,0.0,0.0,2.44,1.6400000000000001,1.96
5.63,5.06,5.33,0.0,0.0,0.0,5.63,5.06,5.33
16.669999999999998,5.970000000000001,8.790000000000001,8.7,3.0300000000000002,4.49,16.669999999999998,5.970000000000001,8.790000000000001
14.81,5.71,8.25,0.0,0.0,0.0,11.110000000000001,4.29,6.1899999999999995
2.56,2.74,2.65,0.0,0.0,0.0,2.56,2.74,2.65
4.760000000000001,4.6899999999999995,4.72,0.0,0.0,0.0,3.17,3.1199999999999997,3.15
0.0,0.0,0.0,0.0,0.0,0.0,0.0,0.0,0.0
11.76,2.74,4.44,0.0,0.0,0.0,11.76,2.74,4.44
4.08,2.78,3.3099999999999996,2.08,1.41,1.68,4.08,2.78,3.3099999999999996
0.0,0.0,0.0,0.0,0.0,0.0,0.0,0.0,0.0
10.0,2.7,4.26,5.26,1.37,2.17,10.0,2.7,4.26
4.35,1.4500000000000002,2.17,0.0,0.0,0.0,4.35,1.4500000000000002,2.17
0.0,0.0,0.0,0.0,0.0,0.0,0.0,0.0,0.0
13.33,2.5,4.21,7.140000000000001,1.27,2.15,13.33,2.5,4.21
35.29,7.32,12.120000000000001,18.75,3.6999999999999997,6.1899999999999995,23.53,4.88,8.08
4.35,1.27,1.96,0.0,0.0,0.0,4.35,1.27,1.96
6.9,2.44,3.5999999999999996,3.5700000000000003,1.23,1.83,6.9,2.44,3.5999999999999996
25.0,6.41,10.2,10.530000000000001,2.6,4.17,25.0,6.41,10.2
8.0,2.78,4.12,4.17,1.41,2.11,8.0,2.78,4.12
0.0,0.0,0.0,0.0,0.0,0.0,0.0,0.0,0.0
0.0,0.0,0.0,0.0,0.0,0.0,0.0,0.0,0.0
0.0,0.0,0.0,0.0,0.0,0.0,0.0,0.0,0.0
25.0,1.43,2.7,0.0,0.0,0.0,25.0,1.43,2.7
18.75,16.0,17.27,12.7,10.81,11.68,18.75,16.0,17.27
11.110000000000001,5.06,6.959999999999999,0.0,0.0,0.0,11.110000000000001,5.06,6.959999999999999
12.9,5.06,7.2700000000000005,6.67,2.56,3.6999999999999997,12.9,5.06,7.2700000000000005
19.35,7.79,11.110000000000001,10.0,3.95,5.66,19.35,7.79,11.110000000000001
0.0,0.0,0.0,0.0,0.0,0.0,0.0,0.0,0.0
7.6899999999999995,7.46,7.580000000000001,0.0,0.0,0.0,7.6899999999999995,7.46,7.580000000000001
3.5700000000000003,2.6,3.01,0.0,0.0,0.0,3.5700000000000003,2.6,3.01
0.0,0.0,0.0,0.0,0.0,0.0,0.0,0.0,0.0
15.790000000000001,3.85,6.1899999999999995,5.56,1.3,2.11,15.790000000000001,3.85,6.1899999999999995
9.09,5.13,6.5600000000000005,4.65,2.6,3.3300000000000005,9.09,5.13,6.5600000000000005
0.0,0.0,0.0,0.0,0.0,0.0,0.0,0.0,0.0
8.0,2.63,3.9600000000000004,0.0,0.0,0.0,8.0,2.63,3.9600000000000004
16.669999999999998,5.970000000000001,8.790000000000001,8.7,3.0300000000000002,4.49,16.669999999999998,5.970000000000001,8.790000000000001
48.39,19.74,28.04,33.33,13.33,19.05,48.39,19.74,28.04
0.0,0.0,0.0,0.0,0.0,0.0,0.0,0.0,0.0
0.0,0.0,0.0,0.0,0.0,0.0,0.0,0.0,0.0
0.0,0.0,0.0,0.0,0.0,0.0,0.0,0.0,0.0
0.0,0.0,0.0,0.0,0.0,0.0,0.0,0.0,0.0
20.0,6.15,9.41,5.26,1.5599999999999998,2.41,20.0,6.15,9.41
0.0,0.0,0.0,0.0,0.0,0.0,0.0,0.0,0.0
13.33,9.379999999999999,11.01,4.55,3.17,3.74,13.33,9.379999999999999,11.01
21.740000000000002,6.25,9.71,4.55,1.27,1.9800000000000002,17.39,5.0,7.7700000000000005
17.39,5.33,8.16,9.09,2.7,4.17,17.39,5.33,8.16
33.33,11.540000000000001,17.14,11.540000000000001,3.9,5.83,25.929999999999996,8.97,13.33
9.09,10.34,9.68,3.08,3.51,3.2800000000000002,9.09,10.34,9.68
0.0,0.0,0.0,0.0,0.0,0.0,0.0,0.0,0.0
18.18,2.6,4.55,10.0,1.32,2.33,18.18,2.6,4.55
10.0,3.1199999999999997,4.760000000000001,5.26,1.59,2.44,10.0,3.1199999999999997,4.760000000000001
24.0,7.89,11.88,4.17,1.3299999999999998,2.02,20.0,6.58,9.9
8.7,2.6,4.0,4.55,1.32,2.04,8.7,2.6,4.0
0.0,0.0,0.0,0.0,0.0,0.0,0.0,0.0,0.0
19.05,6.15,9.3,0.0,0.0,0.0,19.05,6.15,9.3
22.73,7.249999999999999,10.99,14.29,4.41,6.74,22.73,7.249999999999999,10.99
0.0,0.0,0.0,0.0,0.0,0.0,0.0,0.0,0.0
37.5,15.790000000000001,22.220000000000002,32.26,13.33,18.87,37.5,15.790000000000001,22.220000000000002
13.889999999999999,7.8100000000000005,10.0,8.57,4.760000000000001,6.12,11.110000000000001,6.25,8.0
15.379999999999999,2.63,4.49,8.33,1.3299999999999998,2.3,15.379999999999999,2.63,4.49
0.0,0.0,0.0,0.0,0.0,0.0,0.0,0.0,0.0
6.0600000000000005,4.82,5.37,1.54,1.22,1.3599999999999999,6.0600000000000005,4.82,5.37
0.0,0.0,0.0,0.0,0.0,0.0,0.0,0.0,0.0
0.0,0.0,0.0,0.0,0.0,0.0,0.0,0.0,0.0
1.52,1.32,1.41,0.0,0.0,0.0,1.52,1.32,1.41
0.0,0.0,0.0,0.0,0.0,0.0,0.0,0.0,0.0
6.9,2.6,3.7699999999999996,3.5700000000000003,1.32,1.92,6.9,2.6,3.7699999999999996
15.790000000000001,3.85,6.1899999999999995,5.56,1.3,2.11,15.790000000000001,3.85,6.1899999999999995
23.080000000000002,4.92,8.110000000000001,8.33,1.67,2.78,23.080000000000002,4.92,8.110000000000001
15.790000000000001,3.85,6.1899999999999995,5.56,1.3,2.11,15.790000000000001,3.85,6.1899999999999995
0.0,0.0,0.0,0.0,0.0,0.0,0.0,0.0,0.0
15.620000000000001,7.249999999999999,9.9,6.45,2.94,4.04,15.620000000000001,7.249999999999999,9.9
15.790000000000001,4.41,6.9,5.56,1.49,2.35,10.530000000000001,2.94,4.6
10.0,4.41,6.12,0.0,0.0,0.0,6.67,2.94,4.08
0.0,0.0,0.0,0.0,0.0,0.0,0.0,0.0,0.0
7.04,6.25,6.619999999999999,2.86,2.53,2.68,7.04,6.25,6.619999999999999
4.55,2.6,3.3099999999999996,0.0,0.0,0.0,4.55,2.6,3.3099999999999996
11.110000000000001,5.41,7.2700000000000005,0.0,0.0,0.0,8.33,4.05,5.45
5.88,2.4699999999999998,3.4799999999999995,3.0300000000000002,1.25,1.77,5.88,2.4699999999999998,3.4799999999999995
0.0,0.0,0.0,0.0,0.0,0.0,0.0,0.0,0.0
2.17,1.22,1.5599999999999998,0.0,0.0,0.0,2.17,1.22,1.5599999999999998
26.919999999999998,8.97,13.459999999999999,12.0,3.9,5.88,26.919999999999998,8.97,13.459999999999999
12.2,6.25,8.260000000000002,7.5,3.8,5.04,12.2,6.25,8.260000000000002
9.09,1.3,2.27,0.0,0.0,0.0,9.09,1.3,2.27
0.0,0.0,0.0,0.0,0.0,0.0,0.0,0.0,0.0
45.0,12.5,19.57,31.580000000000002,8.450000000000001,13.33,30.0,8.33,13.04
16.0,5.48,8.16,4.17,1.39,2.08,16.0,5.48,8.16
2.9899999999999998,2.9000000000000004,2.94,0.0,0.0,0.0,2.9899999999999998,2.9000000000000004,2.94
0.0,0.0,0.0,0.0,0.0,0.0,0.0,0.0,0.0
9.09,2.9000000000000004,4.3999999999999995,4.760000000000001,1.47,2.25,9.09,2.9000000000000004,4.3999999999999995
15.790000000000001,3.85,6.1899999999999995,5.56,1.3,2.11,15.790000000000001,3.85,6.1899999999999995
6.45,3.2300000000000004,4.3,0.0,0.0,0.0,6.45,3.2300000000000004,4.3
0.0,0.0,0.0,0.0,0.0,0.0,0.0,0.0,0.0
3.1199999999999997,1.37,1.9,0.0,0.0,0.0,3.1199999999999997,1.37,1.9
5.26,1.3299999999999998,2.13,0.0,0.0,0.0,5.26,1.3299999999999998,2.13
13.51,6.8500000000000005,9.09,8.33,4.17,5.56,13.51,6.8500000000000005,9.09
0.0,0.0,0.0,0.0,0.0,0.0,0.0,0.0,0.0
0.0,0.0,0.0,0.0,0.0,0.0,0.0,0.0,0.0
19.23,7.04,10.31,12.0,4.29,6.32,19.23,7.04,10.31
23.91,15.28,18.64,13.33,8.450000000000001,10.34,23.91,15.28,18.64
23.330000000000002,8.64,12.61,13.79,5.0,7.340000000000001,23.330000000000002,8.64,12.61
8.82,4.41,5.88,0.0,0.0,0.0,8.82,4.41,5.88
15.379999999999999,6.0600000000000005,8.7,4.0,1.54,2.22,11.540000000000001,4.55,6.52
4.17,2.5,3.1199999999999997,0.0,0.0,0.0,4.17,2.5,3.1199999999999997
0.0,0.0,0.0,0.0,0.0,0.0,0.0,0.0,0.0
5.26,1.37,2.17,0.0,0.0,0.0,5.26,1.37,2.17
0.0,0.0,0.0,0.0,0.0,0.0,0.0,0.0,0.0
30.0,8.33,13.04,15.790000000000001,4.2299999999999995,6.67,30.0,8.33,13.04
0.0,0.0,0.0,0.0,0.0,0.0,0.0,0.0,0.0
4.65,2.9000000000000004,3.5700000000000003,0.0,0.0,0.0,4.65,2.9000000000000004,3.5700000000000003
6.49,6.76,6.619999999999999,1.32,1.37,1.34,5.19,5.41,5.3
3.1199999999999997,1.2,1.7399999999999998,0.0,0.0,0.0,3.1199999999999997,1.2,1.7399999999999998
0.0,0.0,0.0,0.0,0.0,0.0,0.0,0.0,0.0
5.26,1.37,2.17,0.0,0.0,0.0,5.26,1.37,2.17
0.0,0.0,0.0,0.0,0.0,0.0,0.0,0.0,0.0
18.18,5.13,8.0,9.520000000000001,2.6,4.08,13.639999999999999,3.85,6.0
4.55,3.3300000000000005,3.85,0.0,0.0,0.0,2.27,1.67,1.92
12.5,5.949999999999999,8.06,5.13,2.41,3.2800000000000002,12.5,5.949999999999999,8.06
0.0,0.0,0.0,0.0,0.0,0.0,0.0,0.0,0.0
23.080000000000002,4.29,7.23,8.33,1.4500000000000002,2.4699999999999998,23.080000000000002,4.29,7.23
0.0,0.0,0.0,0.0,0.0,0.0,0.0,0.0,0.0
2.78,1.3,1.77,0.0,0.0,0.0,2.78,1.3,1.77
3.3300000000000005,1.3,1.87,0.0,0.0,0.0,3.3300000000000005,1.3,1.87
0.0,0.0,0.0,0.0,0.0,0.0,0.0,0.0,0.0
0.0,0.0,0.0,0.0,0.0,0.0,0.0,0.0,0.0
0.0,0.0,0.0,0.0,0.0,0.0,0.0,0.0,0.0
0.0,0.0,0.0,0.0,0.0,0.0,0.0,0.0,0.0
0.0,0.0,0.0,0.0,0.0,0.0,0.0,0.0,0.0
0.0,0.0,0.0,0.0,0.0,0.0,0.0,0.0,0.0
0.0,0.0,0.0,0.0,0.0,0.0,0.0,0.0,0.0
17.86,15.15,16.39,10.91,9.229999999999999,10.0,16.07,13.639999999999999,14.75
18.18,8.33,11.43,15.620000000000001,7.04,9.71,18.18,8.33,11.43
23.53,5.63,9.09,12.5,2.86,4.65,23.53,5.63,9.09
3.51,2.63,3.01,0.0,0.0,0.0,3.51,2.63,3.01
1.7500000000000002,1.39,1.55,0.0,0.0,0.0,1.7500000000000002,1.39,1.55
17.39,5.71,8.6,9.09,2.9000000000000004,4.3999999999999995,13.04,4.29,6.45
16.0,4.760000000000001,7.340000000000001,8.33,2.41,3.74,16.0,4.760000000000001,7.340000000000001
0.0,0.0,0.0,0.0,0.0,0.0,0.0,0.0,0.0
9.520000000000001,2.94,4.49,0.0,0.0,0.0,9.520000000000001,2.94,4.49
25.0,5.19,8.6,6.67,1.32,2.1999999999999997,25.0,5.19,8.6
7.140000000000001,2.7,3.92,0.0,0.0,0.0,7.140000000000001,2.7,3.92
10.530000000000001,2.6,4.17,5.56,1.32,2.13,10.530000000000001,2.6,4.17
36.36,10.81,16.669999999999998,23.810000000000002,6.8500000000000005,10.639999999999999,36.36,10.81,16.669999999999998
0.0,0.0,0.0,0.0,0.0,0.0,0.0,0.0,0.0
5.88,1.3,2.13,0.0,0.0,0.0,5.88,1.3,2.13
5.26,1.59,2.44,0.0,0.0,0.0,5.26,1.59,2.44
8.82,4.05,5.56,0.0,0.0,0.0,8.82,4.05,5.56
38.46,6.49,11.110000000000001,16.669999999999998,2.63,4.55,38.46,6.49,11.110000000000001
0.0,0.0,0.0,0.0,0.0,0.0,0.0,0.0,0.0
6.9,3.1199999999999997,4.3,0.0,0.0,0.0,6.9,3.1199999999999997,4.3
1.69,1.37,1.52,0.0,0.0,0.0,1.69,1.37,1.52
12.9,5.26,7.48,6.67,2.67,3.81,12.9,5.26,7.48
0.0,0.0,0.0,0.0,0.0,0.0,0.0,0.0,0.0
0.0,0.0,0.0,0.0,0.0,0.0,0.0,0.0,0.0
37.5,13.239999999999998,19.57,21.740000000000002,7.46,11.110000000000001,33.33,11.76,17.39
0.0,0.0,0.0,0.0,0.0,0.0,0.0,0.0,0.0
0.0,0.0,0.0,0.0,0.0,0.0,0.0,0.0,0.0
0.0,0.0,0.0,0.0,0.0,0.0,0.0,0.0,0.0
0.0,0.0,0.0,0.0,0.0,0.0,0.0,0.0,0.0
4.88,3.0300000000000002,3.74,0.0,0.0,0.0,4.88,3.0300000000000002,3.74
0.0,0.0,0.0,0.0,0.0,0.0,0.0,0.0,0.0
11.540000000000001,4.0,5.94,0.0,0.0,0.0,11.540000000000001,4.0,5.94
3.3300000000000005,1.3,1.87,0.0,0.0,0.0,3.3300000000000005,1.3,1.87
7.6899999999999995,1.2,2.08,0.0,0.0,0.0,7.6899999999999995,1.2,2.08
3.0300000000000002,2.4699999999999998,2.7199999999999998,1.54,1.25,1.38,3.0300000000000002,2.4699999999999998,2.7199999999999998
6.67,1.27,2.13,0.0,0.0,0.0,6.67,1.27,2.13
8.7,2.78,4.21,0.0,0.0,0.0,8.7,2.78,4.21
10.530000000000001,3.1199999999999997,4.82,5.56,1.59,2.4699999999999998,10.530000000000001,3.1199999999999997,4.82
14.29,2.82,4.71,0.0,0.0,0.0,14.29,2.82,4.71
66.67,2.86,5.48,50.0,1.4500000000000002,2.82,66.67,2.86,5.48
0.0,0.0,0.0,0.0,0.0,0.0,0.0,0.0,0.0
3.1199999999999997,2.7,2.9000000000000004,0.0,0.0,0.0,3.1199999999999997,2.7,2.9000000000000004
29.630000000000003,10.26,15.24,15.379999999999999,5.19,7.7700000000000005,25.929999999999996,8.97,13.33
25.0,10.14,14.430000000000001,11.110000000000001,4.41,6.32,14.29,5.800000000000001,8.25
13.79,5.48,7.84,10.71,4.17,6.0,13.79,5.48,7.84
16.669999999999998,3.39,5.63,9.09,1.72,2.9000000000000004,16.669999999999998,3.39,5.63
30.43,9.33,14.29,13.639999999999999,4.05,6.25,30.43,9.33,14.29
2.13,1.23,1.5599999999999998,0.0,0.0,0.0,2.13,1.23,1.5599999999999998
7.41,4.9399999999999995,5.93,0.0,0.0,0.0,5.56,3.6999999999999997,4.44
13.33,2.82,4.65,7.140000000000001,1.43,2.3800000000000003,13.33,2.82,4.65
18.42,9.21,12.280000000000001,10.81,5.33,7.140000000000001,18.42,9.21,12.280000000000001
4.760000000000001,1.43,2.1999999999999997,0.0,0.0,0.0,4.760000000000001,1.43,2.1999999999999997
0.0,0.0,0.0,0.0,0.0,0.0,0.0,0.0,0.0
35.709999999999994,7.04,11.76,7.6899999999999995,1.43,2.41,35.709999999999994,7.04,11.76
6.0600000000000005,2.94,3.9600000000000004,0.0,0.0,0.0,3.0300000000000002,1.47,1.9800000000000002
3.0300000000000002,1.39,1.9,0.0,0.0,0.0,3.0300000000000002,1.39,1.9
7.140000000000001,1.52,2.5,0.0,0.0,0.0,7.140000000000001,1.52,2.5
8.469999999999999,8.33,8.4,0.0,0.0,0.0,6.78,6.67,6.72
0.0,0.0,0.0,0.0,0.0,0.0,0.0,0.0,0.0
11.110000000000001,4.17,6.0600000000000005,3.85,1.41,2.06,11.110000000000001,4.17,6.0600000000000005
7.140000000000001,1.52,2.5,0.0,0.0,0.0,7.140000000000001,1.52,2.5
2.94,2.63,2.78,0.0,0.0,0.0,2.94,2.63,2.78
10.26,6.25,7.7700000000000005,0.0,0.0,0.0,10.26,6.25,7.7700000000000005
20.0,9.09,12.5,5.88,2.63,3.64,14.29,6.49,8.93
25.0,7.249999999999999,11.24,15.790000000000001,4.41,6.9,25.0,7.249999999999999,11.24
17.65,4.29,6.9,12.5,2.9000000000000004,4.71,17.65,4.29,6.9
0.0,0.0,0.0,0.0,0.0,0.0,0.0,0.0,0.0
12.82,6.329999999999999,8.469999999999999,7.89,3.85,5.17,12.82,6.329999999999999,8.469999999999999
0.0,0.0,0.0,0.0,0.0,0.0,0.0,0.0,0.0
41.67,6.1,10.639999999999999,27.27,3.6999999999999997,6.52,41.67,6.1,10.639999999999999
3.92,2.6,3.1199999999999997,0.0,0.0,0.0,3.92,2.6,3.1199999999999997
11.76,2.7,4.3999999999999995,6.25,1.37,2.25,11.76,2.7,4.3999999999999995
20.0,2.9000000000000004,5.06,11.110000000000001,1.47,2.6,20.0,2.9000000000000004,5.06
0.0,0.0,0.0,0.0,0.0,0.0,0.0,0.0,0.0
20.0,11.43,14.549999999999999,12.82,7.249999999999999,9.26,17.5,10.0,12.73
12.9,5.33,7.55,6.67,2.7,3.85,9.68,4.0,5.66
20.0,13.41,16.06,9.26,6.17,7.41,18.18,12.2,14.6
0.0,0.0,0.0,0.0,0.0,0.0,0.0,0.0,0.0
26.090000000000003,7.79,12.0,9.09,2.63,4.08,21.740000000000002,6.49,10.0
11.76,7.79,9.370000000000001,2.0,1.32,1.59,7.84,5.19,6.25
33.33,8.959999999999999,14.12,23.53,6.0600000000000005,9.64,33.33,8.959999999999999,14.12
25.0,5.88,9.520000000000001,6.67,1.49,2.44,25.0,5.88,9.520000000000001
12.82,6.94,9.01,5.26,2.82,3.6700000000000004,12.82,6.94,9.01
3.39,2.6,2.94,1.72,1.32,1.49,3.39,2.6,2.94
6.52,3.9,4.88,0.0,0.0,0.0,4.35,2.6,3.25
7.140000000000001,1.52,2.5,0.0,0.0,0.0,7.140000000000001,1.52,2.5
25.0,1.4500000000000002,2.74,0.0,0.0,0.0,25.0,1.4500000000000002,2.74
30.769999999999996,5.13,8.790000000000001,8.33,1.3,2.25,30.769999999999996,5.13,8.790000000000001
0.0,0.0,0.0,0.0,0.0,0.0,0.0,0.0,0.0
10.530000000000001,5.56,7.2700000000000005,2.7,1.41,1.8499999999999999,5.26,2.78,3.64
0.0,0.0,0.0,0.0,0.0,0.0,0.0,0.0,0.0
13.04,9.379999999999999,10.91,2.22,1.59,1.8499999999999999,8.7,6.25,7.2700000000000005
0.0,0.0,0.0,0.0,0.0,0.0,0.0,0.0,0.0
7.2700000000000005,5.06,5.970000000000001,0.0,0.0,0.0,7.2700000000000005,5.06,5.970000000000001
0.0,0.0,0.0,0.0,0.0,0.0,0.0,0.0,0.0
0.0,0.0,0.0,0.0,0.0,0.0,0.0,0.0,0.0
3.1199999999999997,1.27,1.7999999999999998,0.0,0.0,0.0,3.1199999999999997,1.27,1.7999999999999998
5.13,2.7,3.54,0.0,0.0,0.0,5.13,2.7,3.54
2.22,1.23,1.59,0.0,0.0,0.0,2.22,1.23,1.59
10.0,2.78,4.35,0.0,0.0,0.0,10.0,2.78,4.35
3.5700000000000003,1.41,2.02,0.0,0.0,0.0,3.5700000000000003,1.41,2.02
0.0,0.0,0.0,0.0,0.0,0.0,0.0,0.0,0.0
5.0,1.54,2.35,0.0,0.0,0.0,5.0,1.54,2.35
22.220000000000002,2.74,4.88,12.5,1.39,2.5,22.220000000000002,2.74,4.88
0.0,0.0,0.0,0.0,0.0,0.0,0.0,0.0,0.0
8.33,3.9,5.3100000000000005,2.86,1.32,1.7999999999999998,8.33,3.9,5.3100000000000005
0.0,0.0,0.0,0.0,0.0,0.0,0.0,0.0,0.0
4.55,1.39,2.13,0.0,0.0,0.0,4.55,1.39,2.13
8.33,1.37,2.35,0.0,0.0,0.0,8.33,1.37,2.35
1.96,1.3,1.5599999999999998,0.0,0.0,0.0,1.96,1.3,1.5599999999999998
7.140000000000001,2.82,4.04,0.0,0.0,0.0,7.140000000000001,2.82,4.04
25.0,8.7,12.9,21.740000000000002,7.35,10.99,25.0,8.7,12.9
8.33,5.06,6.3,2.13,1.28,1.6,8.33,5.06,6.3
30.769999999999996,5.13,8.790000000000001,8.33,1.3,2.25,30.769999999999996,5.13,8.790000000000001
12.5,2.63,4.35,0.0,0.0,0.0,12.5,2.63,4.35
19.23,6.329999999999999,9.520000000000001,8.0,2.56,3.88,19.23,6.329999999999999,9.520000000000001
41.67,12.5,19.23,26.090000000000003,7.59,11.76,37.5,11.25,17.31
8.7,2.86,4.3,4.55,1.4500000000000002,2.1999999999999997,8.7,2.86,4.3
0.0,0.0,0.0,0.0,0.0,0.0,0.0,0.0,0.0
41.67,12.5,19.23,26.090000000000003,7.59,11.76,37.5,11.25,17.31
25.0,10.39,14.680000000000001,12.9,5.26,7.48,25.0,10.39,14.680000000000001
0.0,0.0,0.0,0.0,0.0,0.0,0.0,0.0,0.0
0.0,0.0,0.0,0.0,0.0,0.0,0.0,0.0,0.0
4.26,2.82,3.39,0.0,0.0,0.0,2.13,1.41,1.69
9.3,5.48,6.9,4.760000000000001,2.78,3.51,9.3,5.48,6.9
2.7,1.35,1.7999999999999998,0.0,0.0,0.0,2.7,1.35,1.7999999999999998
0.0,0.0,0.0,0.0,0.0,0.0,0.0,0.0,0.0
2.13,1.35,1.6500000000000001,0.0,0.0,0.0,2.13,1.35,1.6500000000000001
0.0,0.0,0.0,0.0,0.0,0.0,0.0,0.0,0.0
11.360000000000001,6.1,7.9399999999999995,2.33,1.23,1.6099999999999999,9.09,4.88,6.35
